product_id,name,regular_price,promo_price,brand,city
1000348551,Ацидофилин Славянские Кружева 3.2% 200г,,45.99,Славянские Кружева,moscow
1000011316,Айран Магнит мжд 0.5% 1л,,63.99,Магнит,moscow
1000333715,Тан Ростагроэкспорт 0.5% 1л,,94.99,Ростагроэкспорт,moscow
1000230773,Мацони РостАгроКомплекс 3.2% 300г,,74.99,Ростагроэкспорт,moscow
1000384143,Сыр Пармезан Premiere of Taste весовой,374.97,324.97,Premiere of taste,moscow
1000368974,Сыр М Свежесть Сулугуни 45% весовой,359.97,296.97,М Свежесть,moscow
2047000014,Куриное яйцо СО 10шт в ассортименте,115.79,82.99,,moscow
1000417247,Сыр с голубой плесенью Premiere of Taste 50% 100г,,242.99,Premiere of taste,moscow
1000057898,Сыр Моя цена Российский весовой,,241.46,Моя цена,moscow
1000367086,Сыр Белебеевский 45% 190г,,169.0,Белебеевский,moscow
1000374189,Маргарин Пышка для выпечки 72% 200г,,64.99,Пышка,moscow
8000027255,Сыр Магнит свежесть Чечил Спагетти 45% 100г,149.99,129.99,М Свежесть,moscow
1000216595,Сыр Pretto Рикотта 45% 200г,149.99,99.99,Pretto,moscow
1000049786,Молоко Северная долина ультрапастеризованное 3.2% 950г,,92.99,Северная Долина,moscow
1000127183,Молоко Село Зеленое пастеризованное 3.2% 2кг,,209.99,Село Зеленое,moscow
8000026015,Молоко Домик в деревне пастеризованное 3.2% 1.4л,149.99,134.99,Домик в Деревне,moscow
1899911873,Продукт рассольный Сиртаки Original 55% 200г,169.99,119.99,Сиртаки,moscow
8000026014,Молоко Домик в деревне пастеризованное 3.2% 930мл,,114.99,Домик в Деревне,moscow
1000299287,Сливки Вкуснотеево для взбивания ультрапастеризованные 33% 250г,,179.99,Вкуснотеево,moscow
1000560511,Варенец Ростагроэкспорт термостатный 3.5-4.5% 320г,89.99,74.99,Ростагроэкспорт,moscow
1000451006,Сыр Брест-Литовск Королевский полутвёрдый 45% 200г,259.99,179.99,Брест-Литовск,moscow
1000551077,Молоко Эго топленое 3.2% 900г,124.99,109.99,Эго,moscow
1000358774,Сыр рассольный Sveza Брынза 45% 200г,199.99,159.99,Sveza,moscow
1000356802,Майонез Я люблю готовить Московский провансаль 67% 390мл,149.99,104.99,Я Люблю Готовить,moscow
8000030079,Сметана Экомилк сливочная 10% 300г,,69.99,Экомилк,moscow
1799900201,Майонез Слобода Оливковый 67% 750г,199.59,169.99,Слобода,moscow
1000500634,Сыр Landkaas Тильзитер 45% весовой,299.97,245.97,Landkaas,moscow
1000549783,Сливки Эго питьевые ультрапастеризованные 20% 200мл,124.99,99.99,Эго,moscow
8000027253,Тертый сыр Голландский 45% Landkaas 200г,,179.99,Landkaas,moscow
8000033639,Кефир Экомилк 2.5% 900мл,,93.99,Экомилк,moscow
1899800732,Молоко Простоквашино отборное пастеризованное 3.4-4.5% 930мл,,99.99,Простоквашино,moscow
1000323041,Молоко Кружева ультрапастеризованное 3.2% 973мл,,84.99,Славянские Кружева,moscow
1000316962,Сыр Брест-Литовск Российский 50% 200г,259.99,189.99,Брест-Литовск,moscow
1000054609,Маргарин Хозяюшка Сливочный Нижегородский 60% 200г,,57.99,Хозяюшка,moscow
1000506066,Питьевые сливки ультрапастеризованные Milkavitа 10% 500г,,99.99,Milkavita,moscow
8000026668,Молоко Нашей дойки Отборное цельное 3.4-6% 430мл,79.99,49.99,Молоко Нашей Дойки,moscow
8000029029,Молоко Обнимуу пастеризованное 2.5% 930мл,99.99,76.99,Обнимуу,moscow
1000372106,Сыр Бутербродов Халуми рассольный для жарки 50% 130г,,189.99,Бутербродов,moscow
1000453157,Творог Село Зеленое 5% 300г,,129.99,Село Зеленое,moscow
8000045816,Масло сливочное Вкуснотеево Традиционное 82.5% 180г,,219.99,Вкуснотеево,moscow
8000056331,Майонез на перепелином яйце Mr. Ricco 67% 630г,229.99,169.99,Mr. Ricco,moscow
1000564747,Сыр Ламбер легкий 30% весовой,344.97,299.97,Ламбер,moscow
3454700001,Куриное яйцо C1 10шт в ассортименте,,74.99,,moscow
1000143306,Молоко Домик в деревне пастеризованное 2.5% 1.4л,,134.99,Домик в Деревне,moscow
1000500641,Сыр Landkaas Гауда 45% весовой,299.97,245.97,Landkaas,moscow
1000372784,Сметана Простоквашино 10% 300г,,69.99,Простоквашино,moscow
1000565717,Сыр Сернурский СЗ Грюйер из коровьего молока 50% 150г,239.99,169.99,Сернурский СЗ,moscow
1000092565,Сыр President Чечил спагетти 35% 100г,,230.99,President,moscow
1000006089,Сливки Моя цена стерилизованные 10% 200мл,,43.99,Моя цена,moscow
1000352345,Сыр Село Зеленое Голландский 45% 200г,299.99,179.99,Село Зеленое,moscow
1000247190,Яйцо куриное Yaratelle С0 10шт,119.99,104.99,Yaratelle,moscow
1000351083,Молоко Parmalat Natura Premium Comfort безлактозное ультрапастеризованное 1.8% 1л,,149.99,President,moscow
1000457364,Биокефирный продукт Домик в деревне 1% 900г,,99.99,Домик в Деревне,moscow
1000233673,Майонез Слобода Провансаль 67% 400мл,159.99,114.99,Слобода,moscow
1000139426,Кефир Княгинино 2.5% 430мл,,54.99,Княгинино,moscow
1000372785,Сметана Простоквашино 15% 300г,,84.99,Простоквашино,moscow
1000108624,Майонез Mr. Ricco на перепелином яйце 67% 220мл,82.99,65.0,Mr. Ricco,moscow
3112081002,Бисквитное пирожное молочный ломтик Kinder 28г,67.99,56.99,Kinder,moscow
1000461011,Сливки Магнит ультрапастеризованные 10% 500мл,,109.99,Магнит,moscow
1618300005,Желе Аппетиссимо Вишня 150г,,31.99,Аппетиссимо,moscow
1000377235,Творог Искренне Ваш 5% 180г,,79.99,Искренне Ваш,moscow
1000578533,Сыр Cheese House Cheese 20% весовой,329.97,239.97,Cheese House Pro,moscow
1000143510,Кефир Домик в Деревне 3.2% 900мл,,113.99,Домик в Деревне,moscow
1000242775,Сыр Брест-Литовск Классический 45% 200г,,279.99,Брест-Литовск,moscow
1000461012,Сливки Магнит ультрапастеризованные 20% 500мл,,219.99,Магнит,moscow
1000318574,Молоко Экомилк Отборное пастеризованное 3.4-4.5% 900мл,,94.0,Экомилк,moscow
1000512632,Творог Княгининское молоко 5% 200г,92.99,72.99,Княгининское Молоко,moscow
1000169172,Майонез Скит Провансаль 67% 675мл,209.99,159.99,Скит,moscow
1000521979,Сыр Гиагинский МЗ Чечил 40% весовой,,309.98,Гиагинский МЗ,moscow
1000348552,Ряженка Славянские кружева 2.5% 175г,,39.99,Славянские Кружева,moscow
1899800173,Сыр Гиагинский Адыгейский 40% весовой,389.97,299.97,Гиагинский МЗ,moscow
1000151468,Молоко Простоквашино пастеризованное 1.5% 930мл,,74.99,Простоквашино,moscow
1000216596,Сыр Pretto Маскарпоне 80% 250г,399.99,283.99,Pretto,moscow
1899910741,Творог Савушкин Нежный 0% 125г,,43.0,Нежный,moscow
1000070528,Сыр Galbani Моцарелла 45% 125г,,169.99,Galbani,moscow
1899912620,Масса творожная Брянский МК с изюмом 20% 500г,179.99,159.99,Брянский МК,moscow
1000426470,Творог Славянские кружева 9% 180г,,74.99,Славянские Кружева,moscow
1000307731,Кефир Село Зеленое 3.2% 930г,,109.99,Село Зеленое,moscow
1000520679,Масса творожная Ростагроэкспорт Особая с изюмом 23% 180г,,119.99,Ростагроэкспорт,moscow
1000371474,Ряженка Из Молока Нашей Дойки 4% 900г,,149.99,Из Молока Нашей Дойки,moscow
1000558440,Сметана ТД Сметанин 15% 300г,,68.79,Сметанин ТД,moscow
1000426484,Сыр Natura Сливочный 45% 300г,439.99,369.99,Natura,moscow
1812420003,Сливки стерилизованные Домик в Деревне 20% 200г,,119.99,Домик в Деревне,moscow
1899912472,Йогурт Даниссимо Фантазия с хрустящими шариками в шоколаде 6.9% 105г,,59.99,Даниссимо,moscow
1818600001,Напиток молочно-соковый Мажитэль Персик-маракуйя 950г,,139.99,Мажитэль,moscow
1000381717,Продукт творожный Простоквашино Ананас банан 3.6% 110г,,39.99,Простоквашино,moscow
1079990193,Творог Савушкин Нежный 5% 125г,,45.59,Нежный,moscow
1000453156,Творог Село Зеленое обезжиренный 300г,,119.99,Село Зеленое,moscow
1000242776,Сыр Брест-Литовск Легкий 35% 200г,,279.99,Брест-Литовск,moscow
1000313056,Молочный коктейль со вкусом Клубника со сливками Angelato 2% 200г,,32.99,Angelato,moscow
1000475531,Творог Простоквашино Нежный мягкий 5% 170г,,59.99,Простоквашино,moscow
8000023741,Сыр Экомилк творожный 60% 350г,319.99,239.0,Экомилк,moscow
1812490113,Напиток молочно-соковый Мажитэль Клубника 950г,,139.99,Мажитэль,moscow
1899900309,Масло сливочное Экомилк 82.5% 180г,299.99,204.99,Экомилк,moscow
1812429016,Напиток Имунеле Нео Лесные ягоды 1.2% 100г,,31.99,Имунеле,moscow
1000500639,Сыр Landkaas Маасдам 45% весовой,299.97,242.47,Landkaas,moscow
1000563526,Творог 5% 180г,,144.99,Ростагроэкспорт,moscow
1000156187,Молоко ультрапастеризованное Parmalat 3.5% 1л,,134.99,Parmalat,moscow
1000072535,Пудинг Эрмигурт Шоколадный 3.2% 100г,,44.99,Эрмигурт,moscow
1000372783,Творог Простоквашино 2% 200г,109.99,89.99,Простоквашино,moscow
1000375622,Сыр Cream Nuvo творожный Professional сливочный 65% 380г,299.99,229.99,Cream Nuvo,moscow
1000460184,Сыр творожный Экомилк сливочный 60% 120г,,94.99,Экомилк,moscow
1000348713,Майонез Я люблю готовить Московский провансаль 67% 700мл,,159.99,Я Люблю Готовить,moscow
1000206622,Йогурт Epica Манго семена чиа 5% 130г,,57.99,Epica,moscow
1000132255,Йогурт Простоквашино вязкий Клубника 2.9% 110г,,34.99,Простоквашино,moscow
1000537609,Сливки Вкуснотеево ультрапастеризованные 10% 450г,,136.99,Вкуснотеево,moscow
1000563165,Напиток Nemoloko Миндальный 1л,169.99,104.99,Nemoloko,moscow
1000560169,Напиток Green Milk ячменно-нутовый кокос 1л,,124.0,Green Milk,moscow
1000166736,Кефир Село Зеленое 1% 930г,,99.0,Село Зеленое,moscow
1000256610,Йогурт ЦарКа Земляника 3.5% 400г,,93.99,Царка,moscow
1812432014,Творог детский Агуша Яблоко банан 3.9% 100г,,41.0,Агуша,moscow
1000332012,Сыр полутвердый Grunlander Hochland 50% кусок 400г,599.99,419.0,Hochland,moscow
1000312970,Масло сладко-сливочное Искренне Ваш 82.5% 180г,289.99,169.99,Искренне Ваш,moscow
1000352800,Пудинг Hyper High Protein молочный безлактозный шоколад 1.5% 200г,,149.0,High Protein,moscow
1000278400,Сыр Радость вкуса Легкий нарезка 125г,219.99,139.0,Радость Вкуса,moscow
1899911038,Масло сливочное Молоко Шахунья Гост 72.5% 180г,219.99,149.99,Шахунья,moscow
1000032374,Сыр творожный Hochland сливочный 60% 140г,,119.99,Hochland,moscow
1000351363,Майонез Я люблю готовить Домашний 55% 600мл,209.99,144.99,Я Люблю Готовить,moscow
3201241161,Кисломолочный напиток Имунеле Земляника 1.2% 95мл,,31.99,Имунеле,moscow
1000289330,Трубочка с варёной сгущенкой Русский свиток 70г,59.99,46.99,Русский Свиток,moscow
1000417197,Сыр Экомилк Фетика рассольный 40% 220г,249.99,179.0,Экомилк,moscow
1000132256,Йогурт Простоквашино вязкий Персик 2.9% 110г,,34.99,Простоквашино,moscow
8000033677,Биойогурт Актибио персик-малина без сахара 1.5% 260г,,69.99,Актибио,moscow
1000177278,Творог детский Агуша Засыпай-ка Клубника банан мелисса 3.8% 100г,,41.0,Агуша,moscow
8000046709,Классический сыр слайсы 45% Брест-Литовск 130г,209.99,159.99,Брест-Литовск,moscow
1000372781,Сметана Простоквашино 25% 300г,,129.99,Простоквашино,moscow
8000033683,Биойогурт Актибио персик-малина без сахара 3.0% 130г,,54.99,Актибио,moscow
1000168535,Пудинг молочный Ehrmann Grand Dessert Шоколад 5.2% 200г,,109.99,Grand,moscow
8000041614,Коктейль Чудо молочный фисташковый пломбир 2% 200мл,67.49,47.99,Чудо,moscow
1000386975,Творог Моя Цена 9% 180г,,54.39,Моя цена,moscow
1000261594,Сыр President Petit Brie мягкий с белой плесенью 60% 125г,279.99,249.99,President,moscow
8000038138,Сыр Экомилк плавленый Сливочный 55% 350г,259.99,209.99,Экомилк,moscow
1899900582,Сметана Простоквашино 15% 180г,,59.99,Простоквашино,moscow
1000157386,Творог Моя цена обезжиренный 180г,,43.99,Моя цена,moscow
8000035014,Творог Вкуснотеево мягкий с изюмом 5% 120г,,52.99,Вкуснотеево,moscow
1000014596,Майонез Я люблю готовить Московский провансаль 67% 220мл,,89.99,Я Люблю Готовить,moscow
1000016691,Майонез Слобода на перепелиных яйцах 67% 375г,129.99,99.99,Слобода,moscow
1000191471,Йогурт Epica с вишней и черешней 4.8% 130г,,57.99,Epica,moscow
1000177277,Каша Агуша Засыпай-ка молочно-рисовая с яблоком и грушей 2.7% 200мл,79.98,46.99,Агуша,moscow
3392900004,Сыр плавленый Hochland сливочный 55% 200г,209.99,169.99,Hochland,moscow
1000296346,Сыр творожный Савушкин Воздушный сливочный 60% 150г,149.99,114.99,Sveza,moscow
1000084229,Масло сладко-сливочное Брест-Литовск 82.5% 180г,,209.99,Брест-Литовск,moscow
1000316960,Сыр Брест-Литовск Маасдам 45% 200г,299.99,209.99,Брест-Литовск,moscow
1000559790,Продукт творожный Даниссимо со вкусом малинового пломбира 5.6% 130г,,59.99,Даниссимо,moscow
1000508305,Биойогурт Актибио вишня 2.9% 130г,,44.99,Актибио,moscow
1899800689,Кефир Простоквашино 2.5% 930г,,89.0,Простоквашино,moscow
1000052910,Сливки Домик в деревне стерилизованные 10% 480г,189.99,115.99,Домик в Деревне,moscow
1899911837,Сливки Альпенгурт для кофе 10% 10шт*10г,,74.99,Альпенгурт,moscow
1000093976,Масса творожная Ростагрокомплекс Особая с изюмом и шоколадом 180г,,119.99,А.Ростагрокомплекс,moscow
3201860040,Сливки Домик в деревне 10% стерилизованные 200мл,119.98,62.99,Домик в Деревне,moscow
1891200042,Сыр плавленый President Сливочный 45% 400г,399.99,269.0,President,moscow
1000585783,Напиток кисломолочный Фругурт со вкусом черники 1% 930г,,119.99,Фругурт,moscow
8000022358,Творог Растишка клубника 3.5% 110г,,43.99,Растишка,moscow
1000429962,Продукт творожный Простоквашино клубника-земляника 3.6% 130г,,44.99,Простоквашино,moscow
1000188641,Крем-десерт в вафельном рожке с какао Коровка из Кореновки 40г,,43.99,Коровка из Кореновки,moscow
1000129520,Молоко сгущенное Рогачевъ с сахаром 8.5% 380г,189.99,139.99,Рогачевъ,moscow
1000177276,Каша Агуша Засыпай-ка молочно-гречневая 2.5% 200мл,79.98,46.99,Агуша,moscow
1000270399,Плавленый сыр без рассола 45% Фетакса 200г,,169.99,Фетакса,moscow
1000124430,Йогурт Даниссимо Фантазия с хрустящими шариками с ягодным вкусом 6.9% 105г,,59.99,Даниссимо,moscow
8000037272,Продукт творожный Даниссимо Черничный пломбир 5.6% 130г,,59.99,Даниссимо,moscow
1000170226,Напиток молочно-соковый Мажитэль Ананас и манго 950г,159.99,104.99,Мажитэль,moscow
1000059932,Сырок Картошка глзированный 20% 45г,,39.99,Картошка,moscow
1000102474,Сметана Простоквашино 20% 180г,,67.99,Простоквашино,moscow
1000498096,Майонез Махеевъ провансаль 50.5% 630г,219.99,139.99,Махеевъ,moscow
1000227071,Сыр плавленый Карат Дружба 45% 90г,,59.99,Карат,moscow
1000238637,Пудинг молочный Grand Dessert Белый шоколад с клубничным муссом 6% 200г,,109.99,Grand,moscow
8000041612,Коктейль Чудо молочный вкус кокос-сливки 2% 200мл,67.49,47.99,Чудо,moscow
2047000033,Яйцо Окское С1 белые 10шт,,109.99,Окское,moscow
1000071969,Сливки Домик в деревне стерилизованные 20% 480г,239.99,209.99,Домик в Деревне,moscow
1000553874,Сметана Домик в деревне 15% 450г,,139.99,Домик в Деревне,moscow
1000306424,Творог Савушкин Рассыпчатый 5% 700г,,259.99,Савушкин,moscow
8000022027,Масса творожная Сыроваровъ И Масловъ домашняя с ванилью 23% 180г,,65.99,Сыроваровъ и Масловъ,moscow
8000030462,Творог Домик в деревне мягкий 5% 150г,,51.99,Домик в Деревне,moscow
1000094173,Биойогурт питьевой Тема Малина и шиповник 2.8% 210г,,53.32,Тема,moscow
1000061729,Творог Зерненый Савушкин Клубника 5% 130г,,67.99,Савушкин,moscow
1000313369,Молочный коктейль со вкусом Шоколад Angelato 2% 200г,,32.99,Angelato,moscow
1000400388,Творог зерненый в сливках Простоквашино 5% 130г,,56.99,Простоквашино,moscow
8000033679,Биойогурт Актибио манго-папайя без сахара 3.0% 130г,,54.99,Актибио,moscow
1000465876,Кисломолочный напиток Exponenta High-Pro обезжиренный солёная карамель 250г,,179.99,Exponenta,moscow
1000347894,Йогурт Коломенский Малина и груша 5% 170г,89.99,79.99,Коломенский,moscow
1000519721,Йогурт питьевой Lucky Days Клубника 1% 260г,,75.99,Lucky Days,moscow
1000291831,Продукт йогуртный Эрмигурт Тропические фрукты 7.5% 100г,,33.99,Эрмигурт,moscow
1812432015,Творог детский Агуша Черника 3.9% 100г,,44.99,Агуша,moscow
1000369984,Кисломолочный напиток Exponenta High-Pro обезжиренный клубника арбуз 250г,,179.99,Exponenta,moscow
1899800795,Кефир Простоквашино 3.2% 930г,,99.0,Простоквашино,moscow
1000450005,Сыр Sveza творожный с зеленью 60% 150г,139.99,109.99,Sveza,moscow
1000545577,Кисломолочный напиток Exponenta Черника-голубика обезжиренный 500г,,169.99,Exponenta,moscow
1000138066,Биойогурт питьевой Тема Банан и земляника 2.8% 210г,,53.32,Тема,moscow
1000429961,Продукт творожный Простоквашино малина 3.6% 130г,,44.99,Простоквашино,moscow
1000172272,Молоко детское Агуша ультрапастеризованное 3.2% 925мл,,149.99,Агуша,moscow
1000011186,Продукт творожный Даниссимо со вкусом пломбира 5.4% 130г,,59.99,Даниссимо,moscow
1000281071,Десерт творожный Чудо Ягодное мороженое 5.8% 85г,55.99,41.99,Чудо,moscow
1000508290,Биойогурт Актибио с черникой 5 злаками и семенами льна 3% 130г,,44.99,Актибио,moscow
1051242603,Творог детский Агуша Классический 4.5% 100г,,44.99,Агуша,moscow
1000581984,Плавленый продукт Переяславль Сливочный 25% 130г,84.99,56.99,Рязанский ЗПС,moscow
3073080014,Продукт йогуртный Campina Нежный с соком клубники 1.2% 100г,,23.99,Нежный,moscow
1000109601,Биолакт Тема сладкий 3.2% 208г,,59.99,Тема,moscow
1000122984,Сыр творожный Violette с креветками 70% 140г,159.99,109.99,Violette,moscow
1000429965,Биолакт детский Тема яблоко груша 3.0% 206г,,59.99,Тема,moscow
1000195107,Продукт йогуртный Alpenland Лесная ягода яблоко груша 0.3% 95г,,22.99,Alpenland,moscow
1899900785,Йогурт питьевой Фруате Клубника киви 1.5% 950мл,,124.99,Фруате,moscow
1728400015,Майонез Слобода Оливковый 67% 375г,,149.99,Слобода,moscow
1000554514,Майонез Ряба Провансаль 50.5% 575г,199.99,129.99,Ряба,moscow
1000545574,Кисломолочный напиток Exponenta Дыня кантал обезжиренный 500г,,179.99,Exponenta,moscow
1000493764,Йогурт Фругурт Вишня 2% 240г,73.99,62.99,Фругурт,moscow
1000238205,Сырок глазированный Ростагроэкспорт с ароматом ванили 20% 45г,,39.99,А.Ростагрокомплекс,moscow
1000172541,Йогурт Чудо Клубника земляника 2% 290г,,84.99,Чудо,moscow
1000206976,Детский творог с малиной с 6 месяцев Фрутоняня 4.2% 100г,,59.99,Фрутоняня,moscow
1000291829,Продукт йогуртный Эрмигурт Клубника земляника 7.5% 100г,,33.99,Эрмигурт,moscow
1000385207,Ряженка Агуша Детская Клубника 2.9% 180г,,45.99,Агуша,moscow
1000508313,Биойогурт Актибио Отруби злаки 2.9% 130г,,44.99,Актибио,moscow
1051242602,Молоко детское Агуша витаминизированное стерилизованное 2.5% 200мл,,71.99,Агуша,moscow
1000494816,Йогурт Фругурт Клубника-Малина 2% 240г,73.99,62.99,Фругурт,moscow
1000478805,Творожок Чудо Воздушный со вкусом пломбира 5.8% 85г,55.99,41.99,Чудо,moscow
1812432013,Творог детский Агуша фруктовый Груша 3.9% 100г,,44.99,Агуша,moscow
1000508317,Биойогурт Актибио Чернослив 2.9% 130г,,44.99,Актибио,moscow
1000394258,Йогурт Царка манго 3.5% 400г,,93.99,Царка,moscow
1000313702,Йогурт Греческий с грецким орехом и медом Teos 2% 140г,,65.99,Teos,moscow
1000179908,Майонез Слобода Провансаль Оливковый 67% 94г,,31.99,Слобода,moscow
1000383833,Молоко сгущенное Рогачевъ цельное 8.5% 270г,,129.0,Рогачевъ,moscow
1000262381,Масло сливочное Брест-Литовск 72.5% 180г,,189.99,Брест-Литовск,moscow
1000490401,Соус майонезный Моя цена Легкий 25% 220мл,,34.99,Моя цена,moscow
1000244512,Молоко сгущенное Рогачевъ Вареное с сахаром 8.5% 360г,209.99,169.99,Рогачевъ,moscow
1000379971,Молоко сгущенное Магнит вареное с сахаром 8.5% 360г,,159.99,Магнит,moscow
1000385205,Ряженка Агуша Детская 3.2% 180г,,45.99,Агуша,moscow
1000536154,Снежок детский Клубника-земляника 2% с 12 месяцев Фрутоняня 200мл,,51.99,Фрутоняня,moscow
1000521208,Масло сливочное Вкуснотеево Традиционное 82.5% 340г,,379.99,Вкуснотеево,moscow
1000206971,Питьевой йогурт с клубникой и бананом с 8 месяцев Фрутоняня 2.5% 200мл,,74.99,Фрутоняня,moscow
3010420008,Молочный коктейль Чудо Шоколад 3% 200мл,70.49,47.99,Чудо,moscow
1000501241,Сыр творожный President Сливочный 56% 140г,179.99,119.99,President,moscow
1000443932,Молочный коктейль Северная Долина Карамель 2.5% 200мл,,34.99,Северная Долина,moscow
1000429960,Продукт творожный Простоквашино Груша банан 3.6% 130г,,44.99,Простоквашино,moscow
1000570520,Продукт кисломолочный Exponenta High-Pro Вишня-пломбир обезжиренный 160г,,129.99,Exponenta,moscow
1000109125,Творог детский Агуша Злаки 3.9% 100г,,44.99,Агуша,moscow
1000100776,Творожок Савушкин Чизкейк 3.5% 120г,,53.99,Савушкин,moscow
2123200142,Каша Быстров Овсяная без варки Ассорти 6пак*40г,209.99,169.99,Быстров,moscow
1000524625,Кисломолочный продукт Актимуно Гранат и цинк 1.5% 95г,,39.99,Actimuno,moscow
1000447904,Йогурт Danissimo с хрустящими рисовыми шариками со вкусом клубника и шоколад 6.9% 105г,,59.99,Даниссимо,moscow
1000372786,Творог Простоквашино 5% 200г,119.99,99.0,Простоквашино,moscow
1000314294,Творог детский Мама Лама с клубникой и бананом 3.8% 100г,,35.99,Мама Лама,moscow
1000244735,Молоко сгущенное Алексеевское вареное 8.5% 360г,209.99,149.0,Алексеевское,moscow
1000556520,РЯБА Провансаль сметанный 50.5% 330г,144.99,89.99,Ряба,moscow
1000472413,Напиток овсяный Nemoloko Шоколадный 3.2% 200мл,,29.99,Nemoloko,moscow
1000047332,Десерт творожный Чудо Клубника земляника 4% 100г,74.99,52.99,Чудо,moscow
1000519715,Молочный крем-десерт с молоком сгущенным с сахаром в вафельной трубочке Snapico 65г,,46.99,Snapico,moscow
1000422623,Майонез Я люблю готовить Классический провансаль 67% 700мл,249.99,169.0,Я Люблю Готовить,moscow
3073080015,Йогурт Campina Нежный с соком персика 1.2% 100г,,23.99,Нежный,moscow
1000237066,Кисломолочный напиток Имунеле детский Клубничное мороженое 1.5% 100г,,34.99,Имунеле,moscow
1000461609,Йогурт Агуша Клубника земляника 2.7% 180г,,45.99,Агуша,moscow
1000251920,Детский творог с лесными ягодами с 6 месяцев Фрутоняня 4.2% 100г,,59.99,Фрутоняня,moscow
1000131435,Желе Lucky Days аромат микс 170г,,53.99,Lucky Days,moscow
1000560446,Сыр протеиновый Oldenburger ломтики с томатом и базиликом 30% 125г,259.99,159.99,Oldenburger,moscow
1000581120,Сырок глазированный А.Ростагрокомплекс Солёная карамель мдж 26% 50г,,96.99,А.Ростагрокомплекс,moscow
1000389522,Кокосовое молоко Thai Coco 5-7% 400мл,189.99,129.99,Thai Coco,moscow
1000222650,Каша Агуша Засыпай-ка молочно-злаковая с грушей и бананом 2.7% 200мл,79.98,46.99,Агуша,moscow
1891200088,Сыр плавленый President Сливочный 40% 150г,169.99,119.99,President,moscow
1000247234,Яйцо куриное Окское С0 столовое 10шт,,129.99,Окское,moscow
1000526829,Сырок Сыркофф творожный малина с печеньем 23% 40г,,29.99,Сыркофф,moscow
1000501598,Майонез Провансаль Mr. Ricco 67% 340г,134.99,94.99,Mr. Ricco,moscow
1000452079,Напиток Green Milk соевый банан 1% 1л,,124.99,Green Milk,moscow
1000572440,Напиток Фругурт кисломолочный со вкусом персика 1% 930г,,119.0,Фругурт,moscow
8000045828,Майонез Слобода Оливковый 67% 197г,77.99,64.99,Слобода,moscow
1000402146,Сырок творожный Сыркофф Кокос 23% 40г,,27.99,Сыркофф,moscow
1000564007,Творог Клубника Агуша 3.9% 100г,,44.99,Агуша,moscow
1000277219,Майонез Скит Провансаль 67% 400мл,,139.99,Скит,moscow
1000401679,Творог 101 Зерно + Сливки зернистый манго-маракуйя 5% 130г,,67.99,Савушкин,moscow
1829990270,Масса творожная Брянский МК с курагой 20% 500г,179.99,159.99,Брянский МК,moscow
1000334603,Питьевой йогурт со вкусом Клубничный пломбир Растишка 2.8% 190г в ассортименте,,79.99,Растишка,moscow
1000330511,Молоко Село Зеленое козье ультрапастеризованное 2.8-5.6% 200г,,69.99,Село Зеленое,moscow
1000524636,Кисломолочный продукт Актимуно киви клубника и цинк 1.5% 95г,,39.99,Actimuno,moscow
1000117018,Творожный сырок А.Ростагрокомплекс в молочном шоколаде с ванилью 15% 25г*6шт,309.99,253.99,А.Ростагрокомплекс,moscow
1000201629,Йогурт питьевой Чудо Клубника земляника 1.9% 260г,84.99,62.99,Чудо,moscow
1000354755,Десерт Завод им.В.П.Пастухова Зефир молочный в бельгийском шоколаде 60г,,134.99,ЗГДиОП им. В.П. Пастухова,moscow
1000380544,Йогурт питьевой Epica Клубника маракуйя 2.5% 260мл,,69.99,Epica,moscow
1000233192,Напиток овсяный Nemoloko Классический 3.2% 1л,159.99,99.0,Nemoloko,moscow
1000472412,Напиток овсяный Nemoloko классический 1.5% 200мл,,29.99,Nemoloko,moscow
1000452314,Сыр Село Зеленое Гауда Премиум нарезка 40% 130г,199.99,176.99,Село Зеленое,moscow
1000093974,Сырок творожный Ростагроэкспорт с ванилином 16.5% 90г,,54.99,А.Ростагрокомплекс,moscow
1000047329,Десерт творожный Чудо Персик груша 4.2% 100г,74.99,52.99,Чудо,moscow
1000517535,Балык Станицыно копчёный 40% весовой,449.97,359.97,Станицыно,moscow
1000047322,Десерт творожный Чудо Вишня черешня 4% 100г,74.99,52.99,Чудо,moscow
8000022363,Йогурт Растишка питьевой пломбир голубика 1.6% 90г,,29.99,Растишка,moscow
1000508320,Биойогурт питьевой Актибио Злаки 1.6% 260г,,64.99,Актибио,moscow
1000461714,Десерт фруктовый Яблоко клубника 2шт 200г,,79.99,Сила Традиции,moscow
1000581983,Плавленый продукт Рязанский колбасный копченый 25% 300г,,86.99,Рязанский ЗПС,moscow
1000395106,Пирожное бисквитное с кремом в глазури Скрепыши 30г,,55.99,Скрепыши,moscow
1829990038,Продукт творожный Даниссимо с сочным киви 5.5% 130г,,59.99,Даниссимо,moscow
1000323264,Творожный десерт Даниссимо со вкусом клубники 5.6% 130г,,59.99,Даниссимо,moscow
1000122024,Творог Савушкин Традиционный 9% 300г,,139.99,Савушкин Хуторок,moscow
1000186649,Сырок глазированный Советские традиции с вареной сгущенкой 26% 45г,,52.99,Советские Традиции,moscow
1000508295,Биойогурт питьевой Актибио чернослив 1.5% 870г,,146.99,Актибио,moscow
8000033680,Биойогурт Актибио манго-папайя без сахара 1.5% 260г,,69.99,Актибио,moscow
1000380541,Йогурт питьевой Epica Манго 2.5% 260мл,,69.99,Epica,moscow
1000571427,Молочный коктейль со вкусом Клубнично-манговый сорбет Angelato 2% 950г,,119.99,Angelato,moscow
3392940005,Сыр плавленый Hochland сливочный 55% 400г,399.99,289.99,Hochland,moscow
1000233190,Напиток овсяный Nemoloko Шоколадный 3.2% 1л,169.99,104.99,Nemoloko,moscow
8000038108,Плавленый сыр Классический 35% Viola 380г,319.99,239.99,Viola,moscow
1000318957,Сыр Сваля Тильзитер нарезка 45% 125г,219.99,159.99,Сваля,moscow
1000106287,Каша Увелка Овсяная Ассорти 5пак*40г,139.99,119.99,Увелка,moscow
1000222957,Йогурт питьевой Чудо ягодное мороженое 1.9% 260г,84.99,62.99,Чудо,moscow
1000181497,Йогурт Lactica Греческий 4% 120г,,74.99,Lactica,moscow
1000508300,Биойогурт питьевой Актибио Злаки 1.6% 870г,,146.0,Актибио,moscow
1000093975,Сырок творожный Ростагроэкспорт с изюмом 16.5% 90г,,54.99,А.Ростагрокомплекс,moscow
8000034109,Молоко Волоконовское сгущенное с сахаром вареное 8.5% 315г,,164.99,Волоконовское,moscow
1000500094,Сыр плавленый Hochland Гриль Чиз ломтики 40% 150г,159.99,129.99,Hochland,moscow
1000535923,Творог Parmalat безлактозный 5% 260г,,199.99,Parmalat,moscow
8000036544,Сыр Unagrande Моцарелла палочки протеиновый 35% 120г,279.99,169.99,Unagrande,moscow
1000524626,Кисломолочный продукт Актимуно Черника ежевика и цинк 1.5% 95г,,39.99,Actimuno,moscow
1000517493,Сыр плавленый Viola Классический с салями 35% 190г,199.99,139.99,Viola,moscow
3201860038,Молочный коктейль Чудо Клубника 2% 200мл,67.49,47.99,Чудо,moscow
1000026174,Овсяная каша Черника/Вишня Магнит 41г в ассортименте,,14.99,Магнит,moscow
1000222955,Десерт творожный Чудо Малина ежевика 4.2% 100г,74.99,52.99,Чудо,moscow
1000060573,Продукт плавленый Моя цена Дружба с сыром 50% 70г,,20.99,Моя цена,moscow
1000286638,Десерт творожный глазированный Ростагроэкспорт ванильный с варёной сгущенкой 15% 60г,,49.99,Ростагроэкспорт,moscow
1051242645,Молоко Агуша детское стерилизованное 3.2% 500мл,,89.99,Агуша,moscow
1000112595,Кисломолочный напиток Имунеле For Kids Малиновый пломбир 1.5% 95мл,,34.99,Имунеле,moscow
1000518913,Сырок глазированный А.Ростагрокомплекс кокос 26% 50г,,72.99,А.Ростагрокомплекс,moscow
1000151122,Масло сливочное Асеньевская Ферма 82.5% 180г,269.99,179.99,Асеньевская Ферма,moscow
1000008104,Молочный коктейль Чудо Шоколад 2% 950г,,169.99,Чудо,moscow
1000070834,Майонезный соус Слобода Постный 56% 200мл,79.99,59.99,Слобода,moscow
1000172948,Сырок глазированный Ростагроэкспорт с ванилином 5% 45г,,39.99,А.Ростагрокомплекс,moscow
1000170158,Напиток сывороточный J7 Мажитэль Арбуз и дыня 950мл,159.99,104.99,Мажитэль,moscow
1000578839,Плавленый сыр Сливочный 50% Landkaas 350г,249.99,199.99,Landkaas,moscow
1000201448,Йогурт питьевой Чудо черника малина 1.9% 260г,79.99,62.99,Чудо,moscow
9409610181,Сыр творожный Almette Сливочный 60% 150г,,129.99,Almette,moscow
1000207987,Молочный коктейль малиновый Фрутоняня 2.1% 200мл,,57.32,Фрутоняня,moscow
1000572260,Десерт творожный Чудо вишня-шоколад 4.4% 100г,74.99,52.99,Чудо,moscow
1000201630,Йогурт питьевой Чудо Дыня манго персик 1.9% 260г,84.99,62.99,Чудо,moscow
1000260878,Продукт молочный Моя цена Сгущенка с сахаром 270г,,45.99,Моя цена,moscow
1000048677,Молочный коктейль Чудо Клубника 2% 950мл,,139.99,Чудо,moscow
1000153883,Сыр Ла Паулина Аргентина Гойя 40% весовой,,399.97,La Paulina,moscow
1899800045,Продукт творожный Даниссимо с хрустящими шариками 7.2% 130г,,64.99,Даниссимо,moscow
1000077734,Майонез Махеевъ Провансаль с лимонным соком 67% 380г,149.99,109.99,Махеевъ,moscow
1799700138,Майонез Московский Провансаль классический 67% 96г,46.99,34.99,Московский Провансаль,moscow
1000505365,Сыр Sveza творожный с авокадо 60% 150г,149.99,114.99,Sveza,moscow
1000569494,Творог детский со вкусом Ягодный пломбир 4.2% с 6 месяцев Фруто Kids 90г,,59.99,Фрутоkids,moscow
1000350169,Сливки Parmalat ультрапастеризованные 11% 500г,,169.99,Parmalat,moscow
1000472409,Напиток овсяный Nemoloko Ваниль 200мл,,29.99,Nemoloko,moscow
1899800825,Молоко детское Тема ультрапастеризованное 3.2% 200мл,,42.99,Тема,moscow
1862400011,Сыр плавленый Hochland с ветчиной 55% 400г,399.99,289.99,Hochland,moscow
8000018944,Молоко Алексеевское сгущенное вкус печенье 8.5% 270г,179.99,149.99,Алексеевское,moscow
1000206973,Молочный коктейль банановый Фрутоняня 2.1% 200мл,,57.32,Фрутоняня,moscow
1000230403,Молочная каша 5 злаков с персиком с 6 месяцев Фрутоняня 200мл,,79.98,Фрутоняня,moscow
1000496462,Крем Альпенгурт взбитый Кулинар ультрапастеризованный 26.5% 250г,,399.99,Альпенгурт,moscow
1899910132,Сыр творожный Violette Ароматная зелень 70% 140г,,147.99,Violette,moscow
1000320906,Молочный коктейль Растишка детский со вкусом клубники 2% 210мл,,55.99,Растишка,moscow
1000089124,Молочный коктейль Чудо Шоколад 2% 960г,,199.99,Чудо,moscow
1059990188,Молочно-пшеничная каша с 6 месяцев Фрутоняня 200мл,,79.98,Фрутоняня,moscow
1000424624,Молокосодержащий продукт Станицыно Коса копченая 40% весовой,449.97,359.97,Станицыно,moscow
1000320907,Молочный коктейль Растишка со вкусом ванильного мороженого 2% 210мл,,55.99,Растишка,moscow
1000138236,Сырок Моя цена глазированный Картошка 40г,,16.99,Моя цена,moscow
1000080818,Йогурт питьевой Чудо персик абрикос 1.9% 680г,179.99,136.99,Чудо,moscow
1000427075,Молоко сгущенное Алексеевское с сахаром 8.5% 360г,199.99,149.99,Алексеевское,moscow
1000122409,Сырок глазированный Свитлогорье с ванилином 26% 50г,,62.99,Свитлогорье,moscow
1000080819,Йогурт питьевой Чудо клубника земляника 1.9% 680г,179.99,136.99,Чудо,moscow
1059990210,Молочно-злаковая каша с 6 месяцев Фрутоняня 200мл,,67.99,Фрутоняня,moscow
1000286637,Десерт Ростагроэкспорт творожный глазированный ваниль 15% 60г,,49.99,Ростагроэкспорт,moscow
1000556521,Майонез Ряба Провансаль оливковый 67% 330г,149.99,94.99,Ряба,moscow
1000535160,Каша овсяная ассорти клубника абрикос вишня черника слива 5шт*35г,,57.99,ТД-Холдинг,moscow
1000274202,Сырок глазированный А.Ростагрокомплекс Суфле с ванилью в молочном шоколаде 15% 40г,,72.99,А.Ростагрокомплекс,moscow
1000577092,Напиток Planto соевый миндальный вкус карамель обогащенный кальцием 1л,,179.99,Planto,moscow
1000512567,Сыр Эконива Дюрр 3 месяца выдержки 50% весовой,379.98,279.98,Эконива,moscow
1000186648,Сырок глазированный Советские традиции с ванилью 26% 45г,,52.99,Советские Традиции,moscow
1000206048,Каша Моя цена Овсяная клубника 35г,,10.99,Моя цена,moscow
1891200068,Сыр плавленый President с ветчиной 45% 200г,219.99,149.99,President,moscow
1000325304,Каша Магнит гречневая с грибами и луком 40г,33.99,22.99,Магнит,moscow
1899910131,Сыр творожный Violette сливочный 70% 140г,,147.99,Violette,moscow
9899996186,Молочно-гречневая каша с яблоками с 6 месяцев Фрутоняня 200мл,,67.99,Фрутоняня,moscow
9409610182,Сыр творожный Almette с зеленью 60% 150г,189.99,129.99,Almette,moscow
1000270513,Сыр плавленый Viola Сливочный 45% 130г,169.99,119.99,Viola,moscow
1000417765,Молоко безлактозное Parmalat 1.8% 200мл,,49.99,Parmalat,moscow
1000155178,Каша Геркулес овсяная с клубникой 35г,,22.99,Геркулес,moscow
1000247970,Молочно-овсяная каша с бананом с 6 месяцев Фрутоняня 200мл,,79.98,Фрутоняня,moscow
1000369987,Кисломолочный напиток Exponenta High-Pro обезжиренный черника земляника 250г,,179.99,Exponenta,moscow
1000079568,Спред Кремлевское растительно-жировой 72.5% 180г,,76.99,Кремлевское,moscow
1000479223,Пирожное бисквитное с кремом цельное молоко Milka 29г,,89.99,Milka,moscow
8000056173,Сливки стерилизованные Молочный мир 33% 500г,,309.99,Молочный Мир,moscow
8000062507,Молочный кофейный напиток ультрапастеризованный Frappe Natura Selection 2.6% 250г,,109.99,Natura Selection,moscow
8000062506,Молочный кофейный напиток Frappe Moccachino Natura Selection 2.6% 250г,,109.99,Natura Selection,moscow
1000433642,Масло сливочное Danke 82.5% 180г,,209.99,Danke,moscow
1000528266,Йогурт питьевой Velle Овсяный Малина 230г,,69.99,Velle,moscow
1000528265,Йогурт питьевой Velle Овсяный Вишня 230г,,69.99,Velle,moscow
1000579489,Каша Фрутоняня жидкая молочная гречневая 200мл,,79.98,Фрутоняня,moscow
8000062178,Творожный Миндально-кокосовый десерт Даниссимо 6.8% 130г,,59.99,Даниссимо,moscow
1000155179,Каша Геркулес овсяная абрикос 35г,,22.99,Русский Продукт,moscow
1000113045,Нектар Мой Ананасовый 200мл,,19.99,Мой,moscow
8000084661,Суфле молочное с ванилью в бельгийском шоколаде со взрывной карамелью 30г,,79.99,ЗГДиОП им. В.П. Пастухова,moscow
8000081425,Молоко безлактозное с 8 месяцев Аммм 3.2% 205г,,46.99,Аммм,moscow
8000057753,Десерт Фруктово-шоколадный со сливками Фрутоkids 90г,,68.99,Фрутоkids,moscow
8000058186,Йогурт со вкусом Вишня-черешня-гранола Молочная культура 2.7-3.5% 130г,,56.99,Молочная Культура,moscow
8000061673,Сырок творожный глазированный Protein Power Свитлогорье 16% 50г,,79.99,Свитлогорье,moscow
8000093609,Варенец Славянские Кружева 3.2% 200г,,29.99,Славянские Кружева,moscow
8000079205,Молоко безлактозное ультрапастеризованное Parmalat Protein 1.8% 1л,,199.99,Parmalat,moscow
8000079508,Напиток овсяный Банан-клубника Nemoloko Kids 200мл,,29.99,Nemoloko,moscow
8000058185,"Йогурт с голубикой, ежевикой и гранолой Молочная культура 2.7%-3.5% 130г",,56.99,Молочная Культура,moscow
8000092349,Яйцо куриное С1 Ешь Хорошее 6шт,,61.99,Ешь Хорошее,moscow
8000057737,Творожное зерно в сливках Карат 4% 270г,,114.19,Карат,moscow
1000575571,Молочный коктейль со вкусом карамели Фанни Ямми 170мл,,57.32,Фанни Ямми,moscow
8000076647,Сыр Рыжий Чеддер в нарезке Радость Вкуса 45% 125г,259.99,164.99,Радость Вкуса,moscow
8000079387,Десерт фруктовый фигурный Скрепыши 180г в ассортименте,,129.99,Скрепыши,moscow
1000581129,Вишня в желе Ростагроэкспорт 150г,,89.99,Ростагроэкспорт,moscow
8000075315,Сыр Чечил косичка копченая М Свежесть 45% 100г,,149.99,М Свежесть,moscow
8000052561,Плавленый сыр со вкусом Индейка с травами Hochland 40% 230г,279.99,199.99,Hochland,moscow
8000079148,Перепелиное яйцо Молодецкие 10шт,,67.99,Молодецкие,moscow
8000072121,Сыр Топленое молочко слайсы Радость вкуса 40% 125г,189.99,149.99,Радость Вкуса,moscow
8000087572,Йогурт Греческий Epica 2.5% 130г,,54.99,Epica,moscow
8000081587,Маршмеллоу манго в молочном шоколаде В.П.Пастухов 9% 45г,,99.99,ЗГДиОП им. В.П. Пастухова,moscow
8000077951,Напиток соевый Имбирный пряник Green Milk 1л,,139.99,Green Milk,moscow
8000059708,Майонез оливковый Master Gurme 50.5% 350мл,119.99,84.99,Master Gurme,moscow
8000077481,Напиток кисломолочный безлактозный Кокос-ваниль Молвест Protein Max 0.6% 240г,,179.99,Молвест,moscow
8000061561,Молочный коктейль пломбир Топ 2% 450г,,79.99,ТОП,moscow
8000068594,Сметана Ваша корова 15% 180г,,52.99,Ваша Корова,moscow
1000228758,Спред Кремлевский 72.5% 360г,,139.99,Кремлевское,moscow
8000057502,Сметана Экомилк 15% 290г,,89.99,Экомилк,moscow
1000580174,Сырок творожный глазированный с клубникой Космомишки 23% 40г,,23.99,Космомишки,moscow
8000068592,Творог Ваша корова 5% 650г,,229.99,Ваша Корова,moscow
8000078945,Сырок глазированный в молочном шоколаде с ванилью Пушкинский 15% 40г,,59.99,Пушкинский,moscow
1000580175,Сырок глазированный Картошка с варёной сгущёнкой Космомишки 40г,,23.99,Космомишки,moscow
8000092760,Сыр Тофу натуральный Россоя 120г,,79.99,Россоя,moscow
1000171695,Ацидофилин Пискаревский сладкий 2.2% 500г,,66.99,Пискаревский,spb
1000051020,Айран Магнит 1000мл,,66.99,Магнит,spb
1000157764,Айран Магнит 500мл,,41.99,Магнит,spb
1000397214,Сыр Моцарелла Premiere of Taste 40% 200г,,249.99,Premiere of taste,spb
1000057898,Сыр Моя цена Российский весовой,,241.46,Моя цена,spb
1000368974,Сыр М Свежесть Сулугуни 45% весовой,389.97,296.97,М Свежесть,spb
1000368975,Сыр М Свежесть Косичка копченая 40% 100г,179.99,152.99,М Свежесть,spb
1000367086,Сыр Белебеевский 45% 190г,,169.0,Белебеевский,spb
1000284419,Простокваша Эго Мечниковская термостатная 4% 300г,,69.99,Эго,spb
1000374189,Маргарин Пышка для выпечки 72% 200г,,64.99,Пышка,spb
1000144079,Сливки Большая кружка ультрапастеризованные 10% 500г,169.99,124.99,Большая Кружка,spb
1000445487,Молоко Северное молоко Вологодское пастеризованное 2.5% 930г,89.99,79.99,Северное Молоко,spb
1000471929,Сыр Вкуснотеево тёртый микс 4 сыра 45% 150г,,159.99,Вкуснотеево,spb
1000572167,Творог Резной Палисад 5% 180г,82.99,69.99,Резной Палисад,spb
1000445488,Молоко Северное Молоко пастеризованное 3.2% 930г,99.99,89.99,Северное Молоко,spb
8000026015,Молоко Домик в деревне пастеризованное 3.2% 1.4л,149.99,134.99,Домик в Деревне,spb
1899911873,Продукт рассольный Сиртаки Original 55% 200г,179.99,119.99,Сиртаки,spb
1000128456,Сливки Большая кружка ультрапастеризованные 10% 200мл,72.99,59.99,Большая Кружка,spb
1000139951,Молоко Мозырские Молочные продукты стерилизованное 3.2% 1л,,79.99,Мозырские МП,spb
1000299287,Сливки Вкуснотеево для взбивания ультрапастеризованные 33% 250г,,179.99,Вкуснотеево,spb
1000451006,Сыр Брест-Литовск Королевский полутвёрдый 45% 200г,269.99,179.99,Брест-Литовск,spb
1000551077,Молоко Эго топленое 3.2% 900г,,124.99,Эго,spb
1000558012,Тан Дар Гор 0.5% 1л,,91.99,Дар Гор,spb
1000358774,Сыр рассольный Sveza Брынза 45% 200г,209.99,159.99,Sveza,spb
1000465371,Молоко Северная долина топленое пастеризованное 3.2% 400мл,,59.99,Северная Долина,spb
8000032665,Сыр Молокавоз Гауда Голд 45% 180г,219.99,159.99,Молокавоз,spb
1000383360,Сыр Сметанковый Варвара Краса 50% 160г,209.99,149.99,Варвара Краса,spb
1000290041,Сливки ультрапастеризованные Большая Кружка 20% 500г,,179.99,Большая Кружка,spb
1000219465,Сметана Большая кружка 15% 300г,119.99,104.99,Большая Кружка,spb
8000029030,Молоко Обнимуу цельное отборное пастеризованное 3.4-6.0% 930мл,109.99,89.99,Обнимуу,spb
1899800732,Молоко Простоквашино отборное пастеризованное 3.4-4.5% 930мл,109.99,98.99,Простоквашино,spb
1000035016,Молоко пастеризованное Домик в Деревне 2.5% 930мл,,94.99,Домик в Деревне,spb
1000054609,Маргарин Хозяюшка Сливочный Нижегородский 60% 200г,,57.99,Хозяюшка,spb
1000337813,Продукт По-Российски Классический на основе растительного жира 50% весовой,,150.46,Биржа РБ,spb
1844000142,Масло сливочное Северное Молоко Крестьянское из Вологды 72.5% 180г,239.99,189.99,Северное Молоко,spb
1000453157,Творог Село Зеленое 5% 300г,,129.99,Село Зеленое,spb
8000045816,Масло сливочное Вкуснотеево Традиционное 82.5% 180г,,219.99,Вкуснотеево,spb
8000033100,Творог Вкуснотеево 2% 300г,179.99,144.99,Вкуснотеево,spb
8000056331,Майонез на перепелином яйце Mr. Ricco 67% 630г,239.99,169.99,Mr. Ricco,spb
1000074377,Сыр Ламбер 50% весовой,399.99,324.99,Ламбер,spb
1000564747,Сыр Ламбер легкий 30% весовой,344.97,299.97,Ламбер,spb
3454700001,Куриное яйцо C1 10шт в ассортименте,,74.99,,spb
8000023980,Майонез Слобода на перепелиных яйцах 67% 656г,,229.99,Слобода,spb
8000032666,Сливочный сыр 45% Молокавоз 400г,439.99,329.99,Молокавоз,spb
1000143306,Молоко Домик в деревне пастеризованное 2.5% 1.4л,,139.99,Домик в Деревне,spb
1000500641,Сыр Landkaas Гауда 45% весовой,299.97,245.97,Landkaas,spb
1000208902,Сметана Резной Палисад 15% 300г,129.99,82.99,Резной Палисад,spb
1000531928,Кефир Вологодский 3.2% 930г,,92.99,Северное Молоко,spb
1812450029,Молоко Домик в деревне ультрапастеризованное 2.5% 950г,129.99,99.99,Домик в Деревне,spb
1000316961,Сыр Брест-Литовск Финский 45% 200г,279.99,169.0,Брест-Литовск,spb
1000450007,Сыр Sveza творожный Сливочный 60% 150г,149.99,109.99,Sveza,spb
1000208909,Творог Резной палисад традиционный 5% 400г,229.99,169.99,Резной Палисад,spb
1812450001,Молоко Домик в деревне ультрапастеризованное 3.2% 950г,129.99,109.99,Домик в Деревне,spb
1000558908,Майонез Махеевъ Провансаль с лимонным соком 50.5% 630г,219.99,149.99,Махеевъ,spb
1000006089,Сливки Моя цена стерилизованные 10% 200мл,,49.99,Моя цена,spb
1000351083,Молоко Parmalat Natura Premium Comfort безлактозное ультрапастеризованное 1.8% 1л,,149.99,President,spb
1000457364,Биокефирный продукт Домик в деревне 1% 900г,,99.99,Домик в Деревне,spb
1000553875,Молоко Домик в деревне пастеризованное 3.2% 1.9л,,214.99,Домик в Деревне,spb
1000556519,Майонез Ряба Провансаль 67% 350г,,79.99,Ряба,spb
1000233673,Майонез Слобода Провансаль 67% 400мл,169.99,114.99,Слобода,spb
1000156794,Сыр VitaLat Боккончини 40% 100г,209.99,159.99,Vitalat,spb
1000372785,Сметана Простоквашино 15% 300г,,84.99,Простоквашино,spb
1000070643,Масло сливочное Северное молоко Традиционное 82.5% 180г,269.99,209.99,Северное Молоко,spb
1000454692,Сыр Предгорье Кавказа Ассорти 45% 110г,,189.99,Предгорье Кавказа,spb
1000461011,Сливки Магнит ультрапастеризованные 10% 500мл,,119.99,Магнит,spb
8000035449,Сметана Свежее завтра безлактозная 15% 300г,,99.99,Свежее Завтра,spb
1000566266,Масло сливочное Экомилк Традиционное 82.5% 160г,,169.0,Экомилк,spb
2400019178,Творог Пискаревский 5% 250г,,99.99,Пискаревский,spb
1000579063,Сливочный йогурт Карела клубника и печенье Свежее завтра 7% 180г,79.99,67.99,Свежее Завтра,spb
1000082622,Сметана Пискаревская 15% 450г,,124.89,Пискаревский,spb
1000464833,Сыр Предгорье Кавказа Адыгейский 45% весовой,,314.97,Предгорье Кавказа,spb
3181241105,Масло сливочное Домик в деревне Крестьянское 72.5% 180г,,159.99,Домик в Деревне,spb
1000426465,Творог Славянские кружева рассыпчатый 9% 300г,139.99,119.99,Славянские Кружева,spb
1000461810,Сметана Брест-Литовск 15% 300г,,99.99,Брест-Литовск,spb
1000448251,Творог Ясь Белоус 5% 400г,,139.99,Ясь Белоус,spb
1000216596,Сыр Pretto Маскарпоне 80% 250г,399.99,283.99,Pretto,spb
1899913371,Сметана Клевер 20% 300г,,99.99,Клевер,spb
1000367084,Сыр Белебеевский Купеческий 52% 190г,,169.99,Белебеевский,spb
1000350608,Кефир Минская Марка 2.5% 900мл,96.99,84.99,Минская Марка,spb
1000571423,Масса творожная Хозяйство Васильевой Вишня 4.5% 180г,,94.99,Хозяйство Васильевой А.В.,spb
1899910741,Творог Савушкин Нежный 0% 125г,,43.0,Нежный,spb
1000070528,Сыр Galbani Моцарелла 45% 125г,,169.99,Galbani,spb
1000005856,Творог зерненый со сливками 6% 200г,,81.99,Пискаревский,spb
1000568396,Молоко безлактозное ультрапастеризованное Домик в Деревне 1.8% 950г,,134.99,Домик в Деревне,spb
1000203662,Сметана Вкуснотеево 20% 300г,,104.99,Вкуснотеево,spb
1000216597,Сыр Pretto Моцарелла Чильеджина 45% 100г,189.99,119.99,Pretto,spb
1000577117,Йогурт Простоквашино термостатный черника 3.4% 160г,,49.99,Простоквашино,spb
1000577116,Йогурт Простоквашино термостатный персик 3.4% 160г,,49.99,Простоквашино,spb
1000439736,Ряженка Большая Кружка 4% 800г,,129.99,Большая Кружка,spb
1000426484,Сыр Natura Сливочный 45% 300г,439.99,369.99,Natura,spb
1000026602,Масло сладко-сливочное Росэкспопром 82.5% 180г,229.99,199.99,Росэкспопром,spb
1899912534,Кефир Северное молоко Вологодский 2.5% 500г,,52.99,Северное Молоко,spb
1899912472,Йогурт Даниссимо Фантазия с хрустящими шариками в шоколаде 6.9% 105г,,59.99,Даниссимо,spb
1818600001,Напиток молочно-соковый Мажитэль Персик-маракуйя 950г,,139.99,Мажитэль,spb
1000426473,Творог Славянские кружева рассыпчатый 5% 300г,129.99,109.99,Славянские Кружева,spb
1000381716,Продукт творожный Простоквашино Вишня банан 3.6% 110г,,39.99,Простоквашино,spb
1000381717,Продукт творожный Простоквашино Ананас банан 3.6% 110г,,39.99,Простоквашино,spb
1079990193,Творог Савушкин Нежный 5% 125г,,45.59,Нежный,spb
1000563708,Кефир 1% 800г,,34.89,Кривское,spb
1000451591,Биокефир Большая кружка 1% 500г,,64.99,Большая Кружка,spb
1000313056,Молочный коктейль со вкусом Клубника со сливками Angelato 2% 200г,,32.99,Angelato,spb
1000475531,Творог Простоквашино Нежный мягкий 5% 170г,,59.99,Простоквашино,spb
8000023741,Сыр Экомилк творожный 60% 350г,329.99,239.0,Экомилк,spb
1000461809,Сметана Брест-Литовск 20% 300г,,114.99,Брест-Литовск,spb
1899900309,Масло сливочное Экомилк 82.5% 180г,299.99,204.99,Экомилк,spb
1000500639,Сыр Landkaas Маасдам 45% весовой,299.97,242.47,Landkaas,spb
1000429067,Сметана Резной палисад 20% 300г,149.99,121.99,Резной Палисад,spb
1000418036,Молоко Минская марка ультрапастеризованное 2.5% 900мл,,89.99,Минская Марка,spb
1000563706,Молоко пастеризованное 2.5% 800мл,,36.09,,spb
1000325457,Масса творожная Хозяйство Васильевой АВ с сахаром и изюмом 4.5% 350г,,159.99,Хозяйство Васильевой А.В.,spb
1000072535,Пудинг Эрмигурт Шоколадный 3.2% 100г,,46.99,Эрмигурт,spb
1000316963,Сыр Брест-Литовск Голландский 45% 200г,241.99,169.99,Брест-Литовск,spb
1000375622,Сыр Cream Nuvo творожный Professional сливочный 65% 380г,309.99,229.99,Cream Nuvo,spb
8000058591,Сливочное масло Традиционное Брест-Литовск 72.5% 160г,,169.99,Брест-Литовск,spb
2047000007,Куриное яйцо С2 10шт в ассортименте,,69.99,Различные бренды,spb
1000348713,Майонез Я люблю готовить Московский провансаль 67% 700мл,199.99,169.99,Я Люблю Готовить,spb
1000206622,Йогурт Epica Манго семена чиа 5% 130г,,55.99,Epica,spb
1000253705,Сметана Вкуснотеево 15% 300г,,89.99,Вкуснотеево,spb
1000023413,Молоко Моя цена ультрапастеризованное 1.5% 973мл,,59.99,Моя цена,spb
8000042684,Сыр Гурманский копченый 40% Город сыра 400г,399.99,259.99,Город Сыра,spb
1000537609,Сливки Вкуснотеево ультрапастеризованные 10% 450г,,136.99,Вкуснотеево,spb
1000256609,Йогурт ЦарКа Киви 3.5% 400г,109.99,89.99,Царка,spb
1000560169,Напиток Green Milk ячменно-нутовый кокос 1л,,124.0,Green Milk,spb
1000500635,Сыр Landkaas Маасдам слайс 45% 150г,,159.99,Landkaas,spb
1000450507,Майонез Печагин с перепелиными яйцами 50% 380г,,99.99,Печагин,spb
1000350609,Кефир Минская Марка 3.2% 900мл,,94.99,Минская Марка,spb
1812432014,Творог детский Агуша Яблоко банан 3.9% 100г,,41.0,Агуша,spb
1000439735,Кефир Большая кружка 2.5% 800г,139.99,104.99,Большая Кружка,spb
1000247393,Яйцо Синявинское Деревенское столовое С1 10шт,,129.99,Синявинское,spb
1000119987,Йогурт ЦарКа Черника 3.5% 400г,109.99,89.99,Царка,spb
1855599920,Масло сливочное Магнит Крестьянское 72.5% 180г,,129.99,Магнит,spb
1000530486,Творог Село Зеленое 9% 300г,,149.99,Село Зеленое,spb
1000560170,Напиток Green Milk ферментированный ячменно-нутовый миндаль 1л,,129.99,Green Milk,spb
1000032374,Сыр творожный Hochland сливочный 60% 140г,,129.99,Hochland,spb
1000351363,Майонез Я люблю готовить Домашний 55% 600мл,229.99,144.99,Я Люблю Готовить,spb
3201241161,Кисломолочный напиток Имунеле Земляника 1.2% 95мл,,31.99,Имунеле,spb
1000289330,Трубочка с варёной сгущенкой Русский свиток 70г,65.99,46.99,Русский Свиток,spb
1000577115,Продукт творожный Простоквашино голубика банан 3.6% 110г,,39.99,Простоквашино,spb
1000561473,Сыр Василеостровская сыроварня Пряди домашний с паприкой 45% 100г,,169.99,Василеостровская Сыроварня,spb
8000033677,Биойогурт Актибио персик-малина без сахара 1.5% 260г,,69.99,Актибио,spb
1000191467,Йогурт Epica с ананасом 4.8% 130г,,54.99,Epica,spb
8000033684,Биойогурт Актибио клубника-черника без сахара 1.5% 260г,,69.99,Актибио,spb
1000072534,Пудинг Ehrmann Эрмигурт Карамельный 3% 100г,,46.99,Эрмигурт,spb
1000177278,Творог детский Агуша Засыпай-ка Клубника банан мелисса 3.8% 100г,,41.0,Агуша,spb
1000372781,Сметана Простоквашино 25% 300г,,129.99,Простоквашино,spb
1000520539,Майонез Махеевъ Оливковый 50.5% 630г,,159.99,Махеевъ,spb
1000237597,Сметана Домик в деревне 15% 300г,89.99,79.99,Домик в Деревне,spb
8000033683,Биойогурт Актибио персик-малина без сахара 3.0% 130г,,54.99,Актибио,spb
1000168535,Пудинг молочный Ehrmann Grand Dessert Шоколад 5.2% 200г,,119.99,Grand,spb
1000451592,Ряженка Большая кружка 4% 500г,84.99,69.99,Большая Кружка,spb
1000274565,Сыр Мега Мастер Чечил Боровский 45% 100г,,189.99,Мега Мастер,spb
1000037901,Молоко Свежее завтра пастеризованное 2.5% 500мл,,74.99,Свежее Завтра,spb
8000041243,Десерт молочный Скрепыши фигурный грушевый 6.5% 180г,,139.99,Скрепыши,spb
1000261594,Сыр President Petit Brie мягкий с белой плесенью 60% 125г,279.99,249.99,President,spb
8000038138,Сыр Экомилк плавленый Сливочный 55% 350г,279.99,209.99,Экомилк,spb
1000441658,Творог Вкуснотеево 5% 450г,,189.0,Вкуснотеево,spb
8000035014,Творог Вкуснотеево мягкий с изюмом 5% 120г,,52.99,Вкуснотеево,spb
1000016691,Майонез Слобода на перепелиных яйцах 67% 375г,129.99,99.99,Слобода,spb
1000191471,Йогурт Epica с вишней и черешней 4.8% 130г,,55.99,Epica,spb
1000177277,Каша Агуша Засыпай-ка молочно-рисовая с яблоком и грушей 2.7% 200мл,79.98,46.99,Агуша,spb
1000280920,Сыр President Камамбер с белой плесенью 45% 125г,279.99,249.99,President,spb
1000316960,Сыр Брест-Литовск Маасдам 45% 200г,309.99,209.99,Брест-Литовск,spb
1000475330,Творожные сырники Гармония 140г,,99.99,Гармония,spb
1000454041,Йогурт питьевой Тёлушка Черника 1% 500г,82.99,69.99,Тёлушка,spb
1899911984,Кефир Северное молоко Вологодский 1% 1л,,91.99,Северное Молоко,spb
1000334452,Йогурт Viola Laplandia крем-брюле 7% 180г,,79.99,Valio,spb
1000559790,Продукт творожный Даниссимо со вкусом малинового пломбира 5.6% 130г,,56.99,Даниссимо,spb
1899910911,Сыр Коса копченый 40% весовой,,215.98,Сырный Дом,spb
1000508305,Биойогурт Актибио вишня 2.9% 130г,,44.99,Актибио,spb
1000537574,Ряженка Большая кружка с печеным яблоком 3.5% 260г,,59.99,Большая Кружка,spb
1728400030,Майонез Слобода Провансаль 67% 750г,279.99,209.0,Слобода,spb
1899800689,Кефир Простоквашино 2.5% 930г,,89.0,Простоквашино,spb
1899911837,Сливки Альпенгурт для кофе 10% 10шт*10г,,79.99,Альпенгурт,spb
1000078693,Крем-десерт в вафельном рожке с вареной сгущенкой Коровка из Кореновки 40г,56.99,45.99,Коровка из Кореновки,spb
1000429963,Биолакт детский клубника-банан Тема 3% 206г,,59.99,Тема,spb
1000373620,Желе Моя цена со вкусом яблока 150г,,32.99,Моя цена,spb
1000137750,Биолакт Тема без сахара 3.4% 206г,,59.99,Тема,spb
1000500393,Биотворог Тема Клубника банан 4% 95г,,39.99,Тема,spb
1000561471,Сыр Василеостровская сыроварня Пряди домашние копченые 45% 100г,,189.99,Василеостровская Сыроварня,spb
1000526832,Тёртый пармезан 40% Dolce Granto 50г,229.99,124.99,Dolce Granto,spb
8000040121,Сыр Сыробогатов Норвежский 45% 180г,329.99,209.99,Сыробогатов,spb
1891200042,Сыр плавленый President Сливочный 45% 400г,429.99,269.0,President,spb
8000022358,Творог Растишка клубника 3.5% 110г,,43.99,Растишка,spb
1000429962,Продукт творожный Простоквашино клубника-земляника 3.6% 130г,,44.99,Простоквашино,spb
1000188641,Крем-десерт в вафельном рожке с какао Коровка из Кореновки 40г,56.99,45.99,Коровка из Кореновки,spb
1000129520,Молоко сгущенное Рогачевъ с сахаром 8.5% 380г,199.99,139.59,Рогачевъ,spb
1000177276,Каша Агуша Засыпай-ка молочно-гречневая 2.5% 200мл,79.98,46.99,Агуша,spb
1000270399,Плавленый сыр без рассола 45% Фетакса 200г,,169.99,Фетакса,spb
8000046707,Сыр Российский слайсами 50% Брест-Литовск 130г,209.99,149.99,Брест-Литовск,spb
1000124430,Йогурт Даниссимо Фантазия с хрустящими шариками с ягодным вкусом 6.9% 105г,,59.99,Даниссимо,spb
8000037272,Продукт творожный Даниссимо Черничный пломбир 5.6% 130г,,56.99,Даниссимо,spb
1000170226,Напиток молочно-соковый Мажитэль Ананас и манго 950г,159.99,104.99,Мажитэль,spb
8000049983,Творог Малиновый пломбир с 12 месяцев Агуша 3.9% 100г,,51.99,Агуша,spb
1000451590,Кефир Большая Кружка 2.5% 500г,79.99,64.99,Большая Кружка,spb
1000498096,Майонез Махеевъ провансаль 50.5% 630г,,229.99,Махеевъ,spb
1835900051,Йогурт Alpenland Клубника персик маракуйя 0.3% 95г,,21.99,Alpenland,spb
1000500396,Биотворог Тема груша 4% 95г,,39.99,Тема,spb
1000227071,Сыр плавленый Карат Дружба 45% 90г,,59.99,Карат,spb
1000244834,Молоко Вкуснотеево ультрапастеризованное 3.2% 200мл,,44.99,Вкуснотеево,spb
1862400009,Сыр плавленый Hochland Синее ассорти сливочный с ветчиной с грибами порционный 50% 140г,169.99,119.0,Hochland,spb
1000314295,Творог Мама Лама черника 3.8% 100г,,35.99,Мама Лама,spb
8000030462,Творог Домик в деревне мягкий 5% 150г,,49.99,Домик в Деревне,spb
1000094173,Биойогурт питьевой Тема Малина и шиповник 2.8% 210г,,53.32,Тема,spb
1000545573,Кисломолочный напиток Exponenta Страчателла-пломбир обезжиренный 500г,,179.99,Exponenta,spb
1000313369,Молочный коктейль со вкусом Шоколад Angelato 2% 200г,,32.99,Angelato,spb
8000033679,Биойогурт Актибио манго-папайя без сахара 3.0% 130г,,54.99,Актибио,spb
1000465876,Кисломолочный напиток Exponenta High-Pro обезжиренный солёная карамель 250г,,179.99,Exponenta,spb
1000224037,Творог Савушкин Традиционный 5% 300г,,129.99,Савушкин Хуторок,spb
1000519721,Йогурт питьевой Lucky Days Клубника 1% 260г,73.99,49.99,Lucky Days,spb
1000291831,Продукт йогуртный Эрмигурт Тропические фрукты 7.5% 100г,,34.99,Эрмигурт,spb
1812432015,Творог детский Агуша Черника 3.9% 100г,,42.99,Агуша,spb
1000369984,Кисломолочный напиток Exponenta High-Pro обезжиренный клубника арбуз 250г,,179.99,Exponenta,spb
1899800795,Кефир Простоквашино 3.2% 930г,,104.0,Простоквашино,spb
1000450005,Сыр Sveza творожный с зеленью 60% 150г,149.99,109.99,Sveza,spb
1000545577,Кисломолочный напиток Exponenta Черника-голубика обезжиренный 500г,,179.99,Exponenta,spb
1000489096,Десерт Epica Flavorite творожный груша ваниль грецкий орех 8% 130г,,54.99,Epica,spb
1000138066,Биойогурт питьевой Тема Банан и земляника 2.8% 210г,,53.32,Тема,spb
1000359365,Сырок глазированный Простоквашино с кондитерским кремом 23% 40г,,44.0,Простоквашино,spb
1000572441,Напиток Фругурт кисломолочный со вкусом клубники 1% 930г,,119.99,Фругурт,spb
1000172272,Молоко детское Агуша ультрапастеризованное 3.2% 925мл,,149.99,Агуша,spb
1000228952,Сыр плавленый Сыробогатов с ветчиной 50% 200г,179.99,129.99,Сыробогатов,spb
1000454042,Йогурт питьевой Тёлушка Банан 1% 500г,82.99,69.99,Тёлушка,spb
1000281071,Десерт творожный Чудо Ягодное мороженое 5.8% 85г,55.99,41.99,Чудо,spb
1000003186,Молоко сгущенное Алексеевское 8.5% 650г,,219.99,Алексеевское,spb
1051242603,Творог детский Агуша Классический 4.5% 100г,,44.99,Агуша,spb
1000581984,Плавленый продукт Переяславль Сливочный 25% 130г,89.99,56.99,Рязанский ЗПС,spb
3073080014,Продукт йогуртный Campina Нежный с соком клубники 1.2% 100г,,23.99,Нежный,spb
1059990444,Йогурт питьевой Растишка Земляника 1.6% 90г,,29.99,Растишка,spb
1000109601,Биолакт Тема сладкий 3.2% 208г,,59.99,Тема,spb
1000122984,Сыр творожный Violette с креветками 70% 140г,169.99,109.99,Violette,spb
1000244355,Йогурт Epica Crispy Карамель 4.8% + Смесь из семян и орехов в карамели 140г,,79.99,Epica,spb
8000034052,Молоко Вологодское цельное сгущенное с сахаром 8.5% 370г,179.99,139.99,Вологодское,spb
1000380540,Йогурт питьевой Epica Натуральный 2.9% 260мл,,64.99,Epica,spb
1000195107,Продукт йогуртный Alpenland Лесная ягода яблоко груша 0.3% 95г,,21.99,Alpenland,spb
1000579055,Йогурт Свежее завтра безлактозный Клубника 2.8% 180г,66.99,54.99,Свежее Завтра,spb
1000568773,Десерт Epica Flavorite творожный соленая карамель 7.6% 130г,,54.99,Epica,spb
1000554514,Майонез Ряба Провансаль 50.5% 575г,219.99,129.99,Ряба,spb
1000493764,Йогурт Фругурт Вишня 2% 240г,73.99,62.99,Фругурт,spb
1000500394,Биотворог Тема яблоко персик банан 4% 95г,,39.99,Тема,spb
1000500397,Биотворог Тема для малышей 4.5% 95г,,39.99,Тема,spb
1000206976,Детский творог с малиной с 6 месяцев Фрутоняня 4.2% 100г,,59.99,Фрутоняня,spb
1000291829,Продукт йогуртный Эрмигурт Клубника земляника 7.5% 100г,,34.99,Эрмигурт,spb
1000385207,Ряженка Агуша Детская Клубника 2.9% 180г,,45.99,Агуша,spb
1051242602,Молоко детское Агуша витаминизированное стерилизованное 2.5% 200мл,,71.99,Агуша,spb
1000493765,Йогурт Фругурт Персик маракуйя 2% 240г,73.99,62.99,Фругурт,spb
1000254989,Кисломолочный продукт Isey Skyr печеное яблоко 1.2% 150г,,86.99,Isey Skyr,spb
1000478805,Творожок Чудо Воздушный со вкусом пломбира 5.8% 85г,55.99,41.99,Чудо,spb
1000244354,Йогурт Epica Crispy Фисташки 4.8% + Смесь из семян орехов и темного шоколада 140г,,79.99,Epica,spb
1000429964,Биолакт детский Тема персик груша 3.0% 206г,,59.99,Тема,spb
1000347897,Йогурт Коломенский Черника Малина Манго 5% 170г,92.99,79.99,Коломенский,spb
1812432013,Творог детский Агуша фруктовый Груша 3.9% 100г,,42.99,Агуша,spb
1000179908,Майонез Слобода Провансаль Оливковый 67% 94г,,31.99,Слобода,spb
1000383833,Молоко сгущенное Рогачевъ цельное 8.5% 270г,,129.0,Рогачевъ,spb
1000533602,Йогурт Вкуснотеево с черникой 2% 280г,,59.99,Вкуснотеево,spb
1000571387,Творожный десерт Даниссимо Вишня-миндаль 6.1% 130г,,56.99,Даниссимо,spb
1000490401,Соус майонезный Моя цена Легкий 25% 220мл,,36.99,Моя цена,spb
1000244512,Молоко сгущенное Рогачевъ Вареное с сахаром 8.5% 360г,219.99,169.99,Рогачевъ,spb
1000242396,Творожные палочки Свитлогорье ванильные в карамельной глазури 23% 180г,,179.99,Свитлогорье,spb
1000524624,Кисломолочный продукт Актимуно Клубника и цинк 1.5% 95г,,39.99,Actimuno,spb
1000568530,Йогурт Viola Laplandia с малиной и сыром Маскарпоне 7.2% 180г,,79.99,Valio,spb
1000379971,Молоко сгущенное Магнит вареное с сахаром 8.5% 360г,,169.99,Магнит,spb
1000385205,Ряженка Агуша Детская 3.2% 180г,,45.99,Агуша,spb
1000536154,Снежок детский Клубника-земляника 2% с 12 месяцев Фрутоняня 200мл,,51.99,Фрутоняня,spb
1000521208,Масло сливочное Вкуснотеево Традиционное 82.5% 340г,,379.99,Вкуснотеево,spb
8000045827,Майонез Слобода Провансаль 67% 197г,89.99,64.99,Слобода,spb
1000568730,Йогурт Растишка пломбир с ягодным драже 3% 116г,,57.99,Растишка,spb
1000206971,Питьевой йогурт с клубникой и бананом с 8 месяцев Фрутоняня 2.5% 200мл,,74.99,Фрутоняня,spb
3010420008,Молочный коктейль Чудо Шоколад 3% 200мл,70.49,47.99,Чудо,spb
1829990299,Сырок Магнит в вафельном рожке со сгущенкой 40г,,34.99,Магнит,spb
1000167330,Сырок глазированный Свитлогорье в карамельной глазури 23% 50г,,59.99,Свитлогорье,spb
1000429960,Продукт творожный Простоквашино Груша банан 3.6% 130г,,44.99,Простоквашино,spb
1000579078,Питьевой йогурт со вкусом зеленого яблока Viola Clean Label 0.8% 260г,,69.99,Viola,spb
1000254987,Кисломолочный продукт Isey Skyr натуральный 1.5% 150г,,73.99,Isey Skyr,spb
1000534494,Сыр Pretto творожный сливочный 65% 140г,199.99,119.99,Pretto,spb
1000100776,Творожок Савушкин Чизкейк 3.5% 120г,,56.99,Савушкин,spb
1000206972,Питьевой йогурт с малиной с 8 месяцев Фрутоняня 2.5% 200мл,,74.99,Фрутоняня,spb
1000524625,Кисломолочный продукт Актимуно Гранат и цинк 1.5% 95г,,39.99,Actimuno,spb
1000562187,Йогурт Lucky Days питьевой ананас 1% 260г,,49.99,Lucky Days,spb
1000447904,Йогурт Danissimo с хрустящими рисовыми шариками со вкусом клубника и шоколад 6.9% 105г,,59.99,Даниссимо,spb
1000372786,Творог Простоквашино 5% 200г,119.99,99.0,Простоквашино,spb
1000244735,Молоко сгущенное Алексеевское вареное 8.5% 360г,219.99,149.0,Алексеевское,spb
1000100774,Творожок Савушкин Черника 3.5% 120г,,56.99,Савушкин,spb
1000276188,Молоко козье Дар гор ультрапастеризованное 3.4-4.8% 200мл,,129.99,Дар Гор,spb
1000472413,Напиток овсяный Nemoloko Шоколадный 3.2% 200мл,,29.99,Nemoloko,spb
1000047332,Десерт творожный Чудо Клубника земляника 4% 100г,74.99,52.99,Чудо,spb
1000237596,Сметана Домик в деревне 20% 300г,,104.99,Домик в Деревне,spb
1000458359,Каша Агуша Укрепляй-ка молочно-рисовая с клубникой земляникой и яблоком 200мл,79.98,46.99,Агуша,spb
1000422623,Майонез Я люблю готовить Классический провансаль 67% 700мл,209.99,169.0,Я Люблю Готовить,spb
3073080015,Йогурт Campina Нежный с соком персика 1.2% 100г,,23.99,Нежный,spb
1000251920,Детский творог с лесными ягодами с 6 месяцев Фрутоняня 4.2% 100г,,59.99,Фрутоняня,spb
1000385103,Паста творожная Савушкин груша банан 3.5% 120г,,56.99,Савушкин,spb
1000173275,Творожный продукт Даниссимо со вкусом фисташкового мороженого 6.5% 130г,,56.99,Даниссимо,spb
1000131435,Желе Lucky Days аромат микс 170г,,56.99,Lucky Days,spb
1000251918,Молочный коктейль клубнично-земляничный Фрутоняня 2.1% 200мл,,57.32,Фрутоняня,spb
1000389522,Кокосовое молоко Thai Coco 5-7% 400мл,189.99,129.99,Thai Coco,spb
1000222650,Каша Агуша Засыпай-ка молочно-злаковая с грушей и бананом 2.7% 200мл,79.98,46.99,Агуша,spb
1000316698,Трубочка вафельная Русский свиток Пломбир 65г,65.99,46.99,Русский Свиток,spb
1618300008,Желе с вишней/персиком/клубникой Аппетиссимо 150г в ассортименте,,62.99,Аппетиссимо,spb
1000501598,Майонез Провансаль Mr. Ricco 67% 340г,134.99,94.99,Mr. Ricco,spb
1000452079,Напиток Green Milk соевый банан 1% 1л,,124.99,Green Milk,spb
1000326776,Йогурт Хозяйство Васильевой А.В. с земляникой 2.7% 350г,139.99,114.99,Хозяйство Васильевой А.В.,spb
1000389245,Йогурт Коломенский Драгонфрукт-манго-чиа 5% 170г,92.99,79.99,Коломенский,spb
1000402146,Сырок творожный Сыркофф Кокос 23% 40г,,27.99,Сыркофф,spb
1000564007,Творог Клубника Агуша 3.9% 100г,,42.99,Агуша,spb
1000524636,Кисломолочный продукт Актимуно киви клубника и цинк 1.5% 95г,,39.99,Actimuno,spb
1000247384,Яйцо куриное Ешь хорошее С1 10шт,,99.99,Ешь Хорошее,spb
1000201629,Йогурт питьевой Чудо Клубника земляника 1.9% 260г,84.99,62.99,Чудо,spb
1000077733,Майонез Махеевъ Провансаль 50.5% 380мл,159.99,96.99,Махеевъ,spb
1000359364,Сырок Простоквашино глазированный со вкусом ванили 23% 40г,,44.99,Простоквашино,spb
1000233192,Напиток овсяный Nemoloko Классический 3.2% 1л,169.99,99.0,Nemoloko,spb
1000070784,Молочный коктейль Чудо Клубника 2% 960г,,175.99,Чудо,spb
1000047329,Десерт творожный Чудо Персик груша 4.2% 100г,74.99,52.99,Чудо,spb
1000047322,Десерт творожный Чудо Вишня черешня 4% 100г,74.99,52.99,Чудо,spb
8000022363,Йогурт Растишка питьевой пломбир голубика 1.6% 90г,,29.99,Растишка,spb
1000461714,Десерт фруктовый Яблоко клубника 2шт 200г,,79.99,Сила Традиции,spb
1000306105,Десерт творожный Grand Dessert со вкусом ягодного мороженого 135г,,79.99,Grand,spb
1000581983,Плавленый продукт Рязанский колбасный копченый 25% 300г,,79.99,Рязанский ЗПС,spb
1000458360,Каша Агуша Укрепляйка молочная злаки черника-малина-яблоко с 6месяцев 200мл,79.98,46.99,Агуша,spb
1000395106,Пирожное бисквитное с кремом в глазури Скрепыши 30г,65.99,55.99,Скрепыши,spb
1000509353,Сырок Хозяйство Васильевой А.В. творожный с ванилью 4.5% 100г,69.99,49.99,Хозяйство Васильевой А.В.,spb
1829990038,Продукт творожный Даниссимо с сочным киви 5.5% 130г,,56.99,Даниссимо,spb
1000508295,Биойогурт питьевой Актибио чернослив 1.5% 870г,,146.99,Актибио,spb
1000380541,Йогурт питьевой Epica Манго 2.5% 260мл,,69.99,Epica,spb
1000326777,Йогурт Хозяйство Васильевой А. В. Манго 2.7% 350г,139.99,114.99,Хозяйство Васильевой А.В.,spb
8000033681,Продукт кисломолочный Актимуно Кибер Персик персик малина 1.5% 95г,,39.99,Actimuno,spb
1000567797,Сыр Ларец с грецкими орехами 45% 245г,519.99,259.0,Ларец,spb
1000346225,Молоко варёное сгущённое Коровка из Кореновки с сахаром 8.5% 360г,239.99,162.99,Коровка из Кореновки,spb
8000033675,Продукт кисломолочный Актимуно Рич Клубничный с клубникой 1.5% 95г,,39.99,Actimuno,spb
1000100778,Творожок Савушкин Кокос миндаль 3.5% 120г,,56.99,Савушкин,spb
1000233190,Напиток овсяный Nemoloko Шоколадный 3.2% 1л,179.99,104.99,Nemoloko,spb
8000038108,Плавленый сыр Классический 35% Viola 380г,329.99,239.99,Viola,spb
1000318957,Сыр Сваля Тильзитер нарезка 45% 125г,229.99,159.99,Сваля,spb
1000509354,Сырок творожный Хозяйство Васильевой с изюмом 4.5% 100г,69.99,49.99,Хозяйство Васильевой А.В.,spb
1000222957,Йогурт питьевой Чудо ягодное мороженое 1.9% 260г,84.99,62.99,Чудо,spb
1000305762,Сырок А.Ростагрокомплекс глазированный в белой глазури 15% 50г,,96.99,А.Ростагрокомплекс,spb
1000524626,Кисломолочный продукт Актимуно Черника ежевика и цинк 1.5% 95г,,39.99,Actimuno,spb
1000026173,Овсяная каша Клубника/Абрикос Магнит 41г в ассортименте,,14.99,Магнит,spb
1000517493,Сыр плавленый Viola Классический с салями 35% 190г,209.99,139.99,Viola,spb
1000533600,Йогурт Вкуснотеево с малиной 2% 280г,,59.99,Вкуснотеево,spb
3201860038,Молочный коктейль Чудо Клубника 2% 200мл,67.49,47.99,Чудо,spb
1000396252,Йогурт питьевой Epica Маракуйя и мангостин 2.5% 260г,,69.99,Epica,spb
1000026174,Овсяная каша Черника/Вишня Магнит 41г в ассортименте,,14.99,Магнит,spb
1000222955,Десерт творожный Чудо Малина ежевика 4.2% 100г,74.99,52.99,Чудо,spb
1000059925,Сырок глазированный А.Ростагрокомплекс в молочном шоколаде 26% 50г,,96.99,А.Ростагрокомплекс,spb
1000324541,Сыр Предгорье Кавказа Чечил-спагетти с укропом 45% 110г,,189.99,Предгорье Кавказа,spb
1000507438,Каша Агуша Засыпай-ка молочная злаковая с 6 месяцев 200г,79.98,46.99,Агуша,spb
1000456519,Сливки Домик в деревне стерилизованные 10% 950г,,209.99,Домик в Деревне,spb
1000578272,Сыр Dolce Granto Пармезан 40% весовой,219.99,169.99,Dolce Granto,spb
1000297599,Каша Агуша Вставай-ка молочно-овсяная с малиной 2.5% 200мл,79.98,46.99,Агуша,spb
1000272455,Йогурт Суперкид Клубника с шоколадными конфетами 2% 103г,,62.99,Суперкид,spb
2400019154,Продукт творожный Даниссимо с изысканным шоколадом 6.7% 130г,,56.99,Даниссимо,spb
1000518913,Сырок глазированный А.Ростагрокомплекс кокос 26% 50г,,72.99,А.Ростагрокомплекс,spb
1000318500,Десерт Творожные сласти с творогом термизированный с вишней 6% 120г,,39.99,Лакто-Новгород,spb
1000188018,Кисломолочный напиток Имунеле Малина морошка 1.2% 100г,,31.99,Имунеле,spb
1000172948,Сырок глазированный Ростагроэкспорт с ванилином 5% 45г,,39.99,А.Ростагрокомплекс,spb
1891200043,Сыр плавленый President с ветчиной 45% 400г,429.99,269.99,President,spb
1000270504,Сыр плавленый Viola Сливочный 50% 200г,279.99,169.99,Viola,spb
1000578839,Плавленый сыр Сливочный 50% Landkaas 350г,259.99,199.99,Landkaas,spb
1000238206,Сырок глазированный Ростагроэкспорт с вареной сгущенкой 15% 45г,,39.0,А.Ростагрокомплекс,spb
1000201077,Молочный коктейль Большая кружка Пломбир 3% 980мл,189.99,154.99,Большая Кружка,spb
9409610181,Сыр творожный Almette Сливочный 60% 150г,,129.99,Almette,spb
1000207987,Молочный коктейль малиновый Фрутоняня 2.1% 200мл,,57.32,Фрутоняня,spb
1000149410,Сырок глазированный Кокос Чудо 28.7% 40г,59.99,41.99,Чудо,spb
1000260878,Продукт молочный Моя цена Сгущенка с сахаром 270г,,45.99,Моя цена,spb
1000270511,Сыр плавленый Viola ассорти Финское избранное 45% 130г,179.99,119.99,Viola,spb
1000211109,Йогурт Растишка История игрушек Клубника 2.6% 70г,,64.49,Растишка,spb
1000077734,Майонез Махеевъ Провансаль с лимонным соком 67% 380г,159.99,109.99,Махеевъ,spb
1000350169,Сливки Parmalat ультрапастеризованные 11% 500г,,179.99,Parmalat,spb
1899801136,Сырок глазированный А.Ростагрокомплекс в темном шоколаде 26% 50г,,96.99,А.Ростагрокомплекс,spb
1899800825,Молоко детское Тема ультрапастеризованное 3.2% 200мл,,42.99,Тема,spb
1862400011,Сыр плавленый Hochland с ветчиной 55% 400г,429.99,289.99,Hochland,spb
8000018944,Молоко Алексеевское сгущенное вкус печенье 8.5% 270г,199.99,149.99,Алексеевское,spb
1000470926,Йогурт Козочка с облачка с бананом и овсяным печеньем 3.2% 200г,82.99,57.99,Козочка с Облачка,spb
1000247378,Яйцо куриное Ешь хорошее С0 10шт,,109.99,Ешь Хорошее,spb
1000206973,Молочный коктейль банановый Фрутоняня 2.1% 200мл,,57.32,Фрутоняня,spb
1000564283,Молоко Вологодское цельное сгущенное с сахаром 8.5% 270г,149.99,109.99,Вологодское,spb
1000306104,Десерт творожный Ehrmann Grand Duet Шоко Трио 138г,,79.99,Grand,spb
1000167329,Сырок глазированный Свитлогорье с какао 26% 50г,,59.99,Свитлогорье,spb
1000559788,Йогурт Растишка питьевой со вкусом бананово-клубничного мороженого 2.8% 190мл,,79.99,Растишка,spb
1000577091,Напиток Planto соевый вкус фисташковый пломбир обогащенный кальцием 1л,,209.99,Planto,spb
1000230403,Молочная каша 5 злаков с персиком с 6 месяцев Фрутоняня 200мл,,79.98,Фрутоняня,spb
1000496462,Крем Альпенгурт взбитый Кулинар ультрапастеризованный 26.5% 250г,,419.99,Альпенгурт,spb
1000351466,Сырок Моя цена с кокосом глазированный с ЗМЖ 38г,,20.99,Моя цена,spb
1899910132,Сыр творожный Violette Ароматная зелень 70% 140г,,147.99,Violette,spb
1059990188,Молочно-пшеничная каша с 6 месяцев Фрутоняня 200мл,,79.98,Фрутоняня,spb
3112081001,Вафли Молочный шоколад с карамельной начинкой Kinder Maxi King 35г,,124.99,Kinder,spb
8000043987,Плавленый сыр шоколадный 30% Виола 180г,259.99,169.99,Виола,spb
8000034164,Сыр Умалат Рбили творожный с хреном и чесноком 65% 130г,179.99,99.99,Умалат,spb
1000411952,Сырок творожный Сыркофф Ваниль 23% 40г,,27.99,Сыркофф,spb
1000575573,Молочный шоколадный коктейль Фаннишейк Фанни Ямми 170мл,,57.32,Фанни Ямми,spb
1000080818,Йогурт питьевой Чудо персик абрикос 1.9% 680г,179.99,136.99,Чудо,spb
1000427075,Молоко сгущенное Алексеевское с сахаром 8.5% 360г,199.99,149.99,Алексеевское,spb
1000235779,Молочно-рисовая каша с малиной с 6 месяцев Фрутоняня 200мл,,79.98,Фрутоняня,spb
1000122409,Сырок глазированный Свитлогорье с ванилином 26% 50г,,59.99,Свитлогорье,spb
1000080819,Йогурт питьевой Чудо клубника земляника 1.9% 680г,179.99,136.99,Чудо,spb
1059990210,Молочно-злаковая каша с 6 месяцев Фрутоняня 200мл,,67.99,Фрутоняня,spb
1000532543,Десерт молочный со вкусом Яблоко-банан-клубника Фрутоняня 90г,,68.99,Фрутоняня,spb
1000077349,Творожный сырок А.Ростагрокомплекс Картошка в молочном шоколаде 20% 50г,,96.99,А.Ростагрокомплекс,spb
1000047324,Десерт творожный Чудо Черника 4.2% 100г,74.99,52.99,Чудо,spb
1000566761,Коктейль молочный Большая кружка С мороженым 3% 200мл,47.99,33.99,Большая Кружка,spb
1000577092,Напиток Planto соевый миндальный вкус карамель обогащенный кальцием 1л,,189.99,Planto,spb
1000149411,Сырок глазированный со вкусом шоколада Чудо 25.6% 40г,59.99,41.99,Чудо,spb
1000252079,Сыр творожный Савушкин Прованские травы 60% 150г,169.99,129.99,Sveza,spb
1000241416,Сметана Домик в деревне 10% 300г,,69.99,Домик в Деревне,spb
1059990140,Молоко Тема детское с 3 лет 3.2% 500мл,,89.99,Тема,spb
1000244840,Молочный коктейль Grand Cocktail Соленая карамель 4% 260мл,,89.99,Grand,spb
1000532545,Десерт молочный со вкусом Яблоко-персик-маракуйя Фрутоняня 90г,,68.99,Фрутоняня,spb
9899996186,Молочно-гречневая каша с яблоками с 6 месяцев Фрутоняня 200мл,,67.99,Фрутоняня,spb
1000566757,Молочный коктейль Клубника банан Добрята 2.3% 200г,,39.99,Добрята,spb
8000050475,Молочный коктейль со вкусом малинового мороженого Растишка 2% 210г,,59.99,Растишка,spb
1000270513,Сыр плавленый Viola Сливочный 45% 130г,179.99,119.99,Viola,spb
1000193098,Сыр плавленый Viola Cливочный 45% 140г,199.99,119.99,Viola,spb
1000247970,Молочно-овсяная каша с бананом с 6 месяцев Фрутоняня 200мл,,79.98,Фрутоняня,spb
1000369987,Кисломолочный напиток Exponenta High-Pro обезжиренный черника земляника 250г,,179.99,Exponenta,spb
1059990155,Молочно-рисовая каша с 6 месяцев Фрутоняня 200мл,,67.99,Фрутоняня,spb
1799900116,Топленая смесь Хозяюшка 99.7% 800г,,339.99,Хозяюшка,spb
1000479223,Пирожное бисквитное с кремом цельное молоко Milka 29г,,93.99,Milka,spb
1000104853,Майонезный соус Ряба Постный 50% 372г,149.99,89.99,Ряба,spb
1000426691,Молоко сгущенное Рогачевъ с кофе 7% 270г,219.99,169.99,Рогачевъ,spb
8000062507,Молочный кофейный напиток ультрапастеризованный Frappe Natura Selection 2.6% 250г,,109.99,Natura Selection,spb
8000062506,Молочный кофейный напиток Frappe Moccachino Natura Selection 2.6% 250г,,109.99,Natura Selection,spb
1000470924,Йогурт Козочка с облачка без сахара 3.2% 200г,74.99,54.99,Козочка с Облачка,spb
1000433642,Масло сливочное Danke 82.5% 180г,,209.99,Danke,spb
1000458136,Масло сладко-сливочное Ясь Белоус 82.5% 180г,193.19,159.99,Ясь Белоус,spb
1000342026,Каша овсяная Сады Придонья яблоко-груша-персик с 6 месяцев 125г,,55.98,Сады Придонья,spb
1000500918,Молочный кофейный напиток Slasty Story Капучино 2.5% 245мл,,189.99,Slasty Story,spb
1000528266,Йогурт питьевой Velle Овсяный Малина 230г,,69.99,Velle,spb
1000528265,Йогурт питьевой Velle Овсяный Вишня 230г,,69.99,Velle,spb
1000448252,Творог Ясь Белоус 9% 400г,,149.99,Ясь Белоус,spb
1000463648,Сметана Ясь Белоус 15% 350г,89.99,79.99,Ясь Белоус,spb
8000055235,Творог рассыпчатый Славянские кружева 9% 700г,309.99,249.99,Славянские Кружева,spb
1000384151,Масло сливочное Danke 72.5% 180г,,179.99,Danke,spb
1000579489,Каша Фрутоняня жидкая молочная гречневая 200мл,,79.98,Фрутоняня,spb
1000187936,Творог детский Растишка Клубника-Банан с печеньем 3.5% 108г,,62.99,Растишка,spb
1000155179,Каша Геркулес овсяная абрикос 35г,,22.99,Русский Продукт,spb
1000457493,Сливочное масло Крестьянское Ясь Белоус 72.5% 180г,171.39,149.99,Ясь Белоус,spb
8000028032,Йогурт Viola Laplandia питьевой с малиной и клюквой 2.5% 260г,,74.99,Viola,spb
1000371470,Сыр Laime Пармезан выдержанный 40% весовой,749.97,499.97,Laime,spb
8000028031,Йогурт Viola Laplandia питьевой манго со вкусом пломбира 2.5% 260г,,74.99,Viola,spb
8000046577,Масло сливочное Шоколадное Маслом вверх 62% 180г,,199.99,Маслом Вверх,spb
8000084661,Суфле молочное с ванилью в бельгийском шоколаде со взрывной карамелью 30г,,79.99,ЗГДиОП им. В.П. Пастухова,spb
8000058186,Йогурт со вкусом Вишня-черешня-гранола Молочная культура 2.7-3.5% 130г,79.99,69.99,Молочная Культура,spb
8000063356,Молочная детская каша пшенично-овсяная с яблоком ежевикой и малиной Агуша 100г,,59.99,Агуша,spb
8000058293,Молоко ультрапастеризованное Из Вологды 2.5% 970мл,109.99,89.99,Из Вологды,spb
8000059995,Йогурт персик абрикос Хозяйство Васильевой 2.7% 350г,139.99,109.99,Хозяйство Васильевой А.В.,spb
8000079508,Напиток овсяный Банан-клубника Nemoloko Kids 200мл,,29.99,Nemoloko,spb
8000058185,"Йогурт с голубикой, ежевикой и гранолой Молочная культура 2.7%-3.5% 130г",79.99,69.99,Молочная Культура,spb
8000072734,Сметана Ясь Белоус 15% 180г,,37.99,Ясь Белоус,spb
8000057752,Десерт Фруктово-ягодный с молоком Фруто Kids 90г,,68.99,Фрутоkids,spb
1000574404,Сметана Ясь Белоус 20% 180г,62.99,52.99,Ясь Белоус,spb
1000575571,Молочный коктейль со вкусом карамели Фанни Ямми 170мл,,57.32,Фанни Ямми,spb
8000070532,Сырки творожные глазированные Ваниль Село Зеленое 20% 150г,,149.99,Село Зеленое,spb
8000073444,Творог обезжиренный Резной Палисад 1.8% 180г,,59.99,Резной Палисад,spb
8000079387,Десерт фруктовый фигурный Скрепыши 180г в ассортименте,,139.99,Скрепыши,spb
8000079349,Творог Вкуснотеево 5% 200г,,89.99,Вкуснотеево,spb
1000581129,Вишня в желе Ростагроэкспорт 150г,,89.99,Ростагроэкспорт,spb
8000069908,Творог Вкуснотеево 5% 350г,,159.99,Вкуснотеево,spb
8000079148,Перепелиное яйцо Молодецкие 10шт,,69.99,Молодецкие,spb
8000068573,Сыр Голландский Landkaas 45% весовой,299.97,233.97,Landkaas,spb
8000087572,Йогурт Греческий Epica 2.5% 130г,,54.99,Epica,spb
8000081587,Маршмеллоу манго в молочном шоколаде В.П.Пастухов 9% 45г,,99.99,ЗГДиОП им. В.П. Пастухова,spb
8000077951,Напиток соевый Имбирный пряник Green Milk 1л,,139.99,Green Milk,spb
8000059708,Майонез оливковый Master Gurme 50.5% 350мл,119.99,84.99,Master Gurme,spb
8000077476,Сыр Камамбер с белой плесенью 60% Premiere of taste 100г,249.99,189.99,Premiere of taste,spb
8000079350,Творог Вкуснотеево 2% 200г,,79.99,Вкуснотеево,spb
8000077483,Напиток кисломолочный безлактозный Клубника-личи Молвест Protein Max 0.6% 240г,,159.99,Молвест,spb
8000077481,Напиток кисломолочный безлактозный Кокос-ваниль Молвест Protein Max 0.6% 240г,,179.99,Молвест,spb
1000574405,Сметана Ясь Белоус 20% 350г,109.99,89.99,Ясь Белоус,spb
8000061562,Молочный коктейль молочный шоколад Топ 2% 450г,,79.99,ТОП,spb
8000061561,Молочный коктейль пломбир Топ 2% 450г,,79.99,ТОП,spb
8000058295,Молоко ультрапастеризованное Из Вологды 3.2% 970мл,119.99,94.99,Из Вологды,spb
8000057502,Сметана Экомилк 15% 290г,,89.99,Экомилк,spb
1000580174,Сырок творожный глазированный с клубникой Космомишки 23% 40г,,23.99,Космомишки,spb
8000029505,Молоко отборное ультрапастеризованное Минская марка 3.4-6% 1.5л,159.99,139.99,Минская Марка,spb
8000061566,Сырок творожный глазированный кактус Савушкин 20% 40г,,33.99,Савушкин,spb
1000580175,Сырок глазированный Картошка с варёной сгущёнкой Космомишки 40г,,23.99,Космомишки,spb
8000088783,Сырок творожный с цукатами Хозяйство Васильевой А.В. 4.5% 100г,,49.99,Хозяйство Васильевой А.В.,spb
8000092760,Сыр Тофу натуральный Россоя 120г,89.99,79.99,Россоя,spb
